#Selection names: 4s2_F1, 4s2M_F2, 4s2M_F1
#Areas (µm^2): 27180097.8, 14559513.7, 26957824.5
Selection,X,Y,Class,Color
4s2_F1,1622.0168648171928,1631.103977120073,samples,#c2c2c2
4s2_F1,1688.421938233832,1559.2507403161903,samples,#c2c2c2
4s2_F1,1763.6244558085605,1483.8695944336835,samples,#c2c2c2
4s2_F1,1932.919434505589,1375.0402979196613,samples,#c2c2c2
4s2_F1,2048.983177484638,1321.8983763555718,samples,#c2c2c2
4s2_F1,2153.0341667655866,1260.2716101720055,samples,#c2c2c2
4s2_F1,2217.8315854122197,1227.2253732329918,samples,#c2c2c2
4s2_F1,2415.6177791999125,1128.533233185397,samples,#c2c2c2
4s2_F1,2519.7580826347494,1087.3147511655186,samples,#c2c2c2
4s2_F1,2595.0945714403133,1045.6496983761947,samples,#c2c2c2
4s2_F1,2903.00511697342,922.8873938554533,samples,#c2c2c2
4s2_F1,3073.193237209341,852.0166127443521,samples,#c2c2c2
4s2_F1,3258.65407776032,765.8284542412492,samples,#c2c2c2
4s2_F1,3354.1755653448467,733.273445148626,samples,#c2c2c2
4s2_F1,3526.4179111202197,692.6801622059727,samples,#c2c2c2
4s2_F1,3830.845204651648,622.8811509415424,samples,#c2c2c2
4s2_F1,4076.2358424622967,594.8365066203253,samples,#c2c2c2
4s2_F1,4168.408049275979,590.728055541421,samples,#c2c2c2
4s2_F1,4371.106521527576,609.9752557045493,samples,#c2c2c2
4s2_F1,4585.814534786941,604.6189417456121,samples,#c2c2c2
4s2_F1,4667.187454208461,613.3381879988954,samples,#c2c2c2
4s2_F1,4765.092708904684,618.7952682174631,samples,#c2c2c2
4s2_F1,4879.482685465054,670.1729954258877,samples,#c2c2c2
4s2_F1,5088.879719258344,687.455284203453,samples,#c2c2c2
4s2_F1,5170.512855913098,724.7886005291496,samples,#c2c2c2
4s2_F1,5302.29588997665,844.0676530482112,samples,#c2c2c2
4s2_F1,5372.630786164416,946.1090738666524,samples,#c2c2c2
4s2_F1,5424.566966651001,1076.1504819293655,samples,#c2c2c2
4s2_F1,5459.890714514191,1199.13607183483,samples,#c2c2c2
4s2_F1,5483.871564833447,1349.2731645226197,samples,#c2c2c2
4s2_F1,5483.871564833447,1480.564970739782,samples,#c2c2c2
4s2_F1,5481.28145437066,1592.8328621785397,samples,#c2c2c2
4s2_F1,5470.206499288396,1722.249071164028,samples,#c2c2c2
4s2_F1,5448.011932046923,1781.1964127309175,samples,#c2c2c2
4s2_F1,5385.804623863077,2083.524823645948,samples,#c2c2c2
4s2_F1,5369.549447855238,2280.998417895028,samples,#c2c2c2
4s2_F1,5369.549447855238,2291.4035168231226,samples,#c2c2c2
4s2_F1,5376.248009396931,2403.8053794927146,samples,#c2c2c2
4s2_F1,5415.948150800691,2630.350730832736,samples,#c2c2c2
4s2_F1,5421.217685880155,2661.119456847575,samples,#c2c2c2
4s2_F1,5437.026291118548,2733.1513219592357,samples,#c2c2c2
4s2_F1,5459.042230052242,2921.8721291271704,samples,#c2c2c2
4s2_F1,5462.3915108230885,3120.774749838478,samples,#c2c2c2
4s2_F1,5480.343655754824,3253.450925440923,samples,#c2c2c2
4s2_F1,5482.978423294556,3366.165387649127,samples,#c2c2c2
4s2_F1,5482.978423294556,3414.707630287921,samples,#c2c2c2
4s2_F1,5466.723247286716,3458.4715656936423,samples,#c2c2c2
4s2_F1,5424.968880343502,3604.008979456136,samples,#c2c2c2
4s2_F1,5424.968880343502,3655.5879033271635,samples,#c2c2c2
4s2_F1,5415.769522492912,3737.5782965974736,samples,#c2c2c2
4s2_F1,5348.248022152658,4077.0167384534775,samples,#c2c2c2
4s2_F1,5331.769560760095,4170.350029267719,samples,#c2c2c2
4s2_F1,5326.58933983452,4186.024663275279,samples,#c2c2c2
4s2_F1,5285.683457353254,4306.956027641291,samples,#c2c2c2
4s2_F1,5240.62446671614,4456.735863713522,samples,#c2c2c2
4s2_F1,5189.670741922337,4641.482191033388,samples,#c2c2c2
4s2_F1,5163.3677236019585,4735.887251694299,samples,#c2c2c2
4s2_F1,5148.228974517738,4804.793121419838,samples,#c2c2c2
4s2_F1,5101.562329110614,5002.7579435153075,samples,#c2c2c2
4s2_F1,5033.996171693416,5348.2697478357795,samples,#c2c2c2
4s2_F1,5018.276880608912,5479.874153591554,samples,#c2c2c2
4s2_F1,5005.281671218028,5513.724217915571,samples,#c2c2c2
4s2_F1,4979.291252436264,5567.982566403276,samples,#c2c2c2
4s2_F1,4928.471498873294,5654.349353214158,samples,#c2c2c2
4s2_F1,4880.8223977733915,5750.228097414243,samples,#c2c2c2
4s2_F1,4850.142985912443,5821.768734679512,samples,#c2c2c2
4s2_F1,4793.651783577508,5937.0733073505035,samples,#c2c2c2
4s2_F1,4737.830437396741,6044.518234479243,samples,#c2c2c2
4s2_F1,4680.669378907636,6177.149753004744,samples,#c2c2c2
4s2_F1,4622.704493033528,6339.1656281598,samples,#c2c2c2
4s2_F1,4552.190968537983,6567.0953488851055,samples,#c2c2c2
4s2_F1,4527.093691295112,6637.698187534538,samples,#c2c2c2
4s2_F1,4506.37280759281,6671.548251858555,samples,#c2c2c2
4s2_F1,4433.447800942257,6735.854442658799,samples,#c2c2c2
4s2_F1,4381.5116204556725,6764.077715287794,samples,#c2c2c2
4s2_F1,4285.811504563367,6798.329693304312,samples,#c2c2c2
4s2_F1,4185.690338053544,6816.058552851323,samples,#c2c2c2
4s2_F1,3853.3523714317316,6816.058552851323,samples,#c2c2c2
4s2_F1,3579.247233145696,6816.058552851323,samples,#c2c2c2
4s2_F1,3471.0431357089,6767.873566828086,samples,#c2c2c2
4s2_F1,3347.9682316495464,6692.269135560856,samples,#c2c2c2
4s2_F1,3237.8438799041287,6630.508398146457,samples,#c2c2c2
4s2_F1,3090.2968976791276,6534.317054407758,samples,#c2c2c2
4s2_F1,3013.4420682574487,6468.0459522219535,samples,#c2c2c2
4s2_F1,2995.2666379409925,6446.967811904097,samples,#c2c2c2
4s2_F1,2964.5425690030975,6395.344230956123,samples,#c2c2c2
4s2_F1,2948.957249149428,6376.900858178,samples,#c2c2c2
4s2_F1,2943.7323711469076,6376.900858178,samples,#c2c2c2
4s2_F1,2715.222108421322,6461.258076526373,samples,#c2c2c2
4s2_F1,2512.8362357083347,6531.682286868027,samples,#c2c2c2
4s2_F1,2319.4710925381605,6620.817812449475,samples,#c2c2c2
4s2_F1,2182.9990653954237,6668.6901989340995,samples,#c2c2c2
4s2_F1,2029.7359773215112,6707.720484183692,samples,#c2c2c2
4s2_F1,1690.3868496193957,6751.037848819966,samples,#c2c2c2
4s2_F1,1342.4189060669698,6791.943731301231,samples,#c2c2c2
4s2_F1,944.0331226440761,6744.741200970777,samples,#c2c2c2
4s2_F1,752.856176244188,6671.50359478161,samples,#c2c2c2
4s2_F1,658.5404297371648,6552.447827647273,samples,#c2c2c2
4s2_F1,580.1226026224238,6401.730192959202,samples,#c2c2c2
4s2_F1,498.6234371985055,6165.270970537478,samples,#c2c2c2
4s2_F1,457.3156410247377,6048.4927143273135,samples,#c2c2c2
4s2_F1,383.4528357583481,5900.365190102031,samples,#c2c2c2
4s2_F1,253.94731261896948,5623.312684737652,samples,#c2c2c2
4s2_F1,145.7432151821728,5336.301651214623,samples,#c2c2c2
4s2_F1,109.83892531870345,5156.11034574311,samples,#c2c2c2
4s2_F1,73.80066422440065,4866.28591637257,samples,#c2c2c2
4s2_F1,190.57605377646,4877.616785032906,samples,#c2c2c2
4s2_F1,168.39171790333037,4809.704803196121,samples,#c2c2c2
4s2_F1,141.72644001608992,4375.494176222363,samples,#c2c2c2
4s2_F1,-14.709662279823009,4121.1825875517,samples,#c2c2c2
4s2_F1,-18.014285973724213,4049.552636132541,samples,#c2c2c2
4s2_F1,6.547106345812677,3885.527192514977,samples,#c2c2c2
4s2_F1,95.32537531170398,3587.0392902171825,samples,#c2c2c2
4s2_F1,130.82775148267186,3489.910147862649,samples,#c2c2c2
4s2_F1,191.29343366567733,3360.493938877161,samples,#c2c2c2
4s2_F1,253.7686843111913,3232.9979842002904,samples,#c2c2c2
4s2_F1,342.45763912319313,3081.119265511661,samples,#c2c2c2
4s2_F1,425.2072027015609,2882.261301877299,samples,#c2c2c2
4s2_F1,480.4480068820477,2740.8769962706538,samples,#c2c2c2
4s2_F1,480.4480068820477,2738.2422287309214,samples,#c2c2c2
4s2_F1,591.7334426280235,2588.908963428135,samples,#c2c2c2
4s2_F1,669.6600418963736,2436.9855876625616,samples,#c2c2c2
4s2_F1,682.8338795950341,2421.1769824241683,samples,#c2c2c2
4s2_F1,729.8577816177118,2368.213689167857,samples,#c2c2c2
4s2_F1,786.9295259529277,2286.6252095900495,samples,#c2c2c2
4s2_F1,831.7205741283749,2239.1993938748697,samples,#c2c2c2
4s2_F1,916.5690203231387,2166.944243378486,samples,#c2c2c2
4s2_F1,964.7093492694321,2101.6109398085164,samples,#c2c2c2
4s2_F1,1014.5019900626758,2027.3462208496246,samples,#c2c2c2
4s2_F1,1029.1048542235646,2009.4387329948358,samples,#c2c2c2
4s2_F1,1101.8512325663387,1936.6923546520602,samples,#c2c2c2
4s2_F1,1178.1255199877378,1809.4196853599135,samples,#c2c2c2
4s2_F1,1186.0298226069356,1796.2458476612526,samples,#c2c2c2
4s2_F1,1188.6645901466677,1796.2458476612526,samples,#c2c2c2
4s2_F1,1285.615104193423,1756.3670779497124,samples,#c2c2c2
4s2_F1,1288.249871733155,1753.7323104099808,samples,#c2c2c2
4s2_F1,1387.1206400885283,1701.8854440772843,samples,#c2c2c2
4s2_F1,1392.3901751679923,1696.6159089978205,samples,#c2c2c2
4s2_F1,1402.3933604035853,1689.9173474561283,samples,#c2c2c2
4s2_F1,1473.353455668576,1647.001896512355,samples,#c2c2c2
4s2_F1,1517.6086189206878,1638.383080662045,samples,#c2c2c2
4s2_F1,1562.5782954039125,1617.8854823444674,samples,#c2c2c2
4s2_F1,1570.4825980231087,1617.8854823444674,samples,#c2c2c2
4s2_F1,1578.3869006423065,1620.4755928072552,samples,#c2c2c2
4s2_F1,1588.9259708012348,1623.0657032700426,samples,#c2c2c2
4s2_F1,1604.7345760396274,1628.2459241956176,samples,#c2c2c2
4s2_F1,1604.7345760396274,1628.2459241956176,samples,#c2c2c2
4s2_F1,1622.0168648171928,1631.103977120073,samples,#c2c2c2
4s2M_F2,7900.922186907021,7835.871324622069,samples,#c2c2c2
4s2M_F2,7987.63638450998,7828.221013353296,samples,#c2c2c2
4s2M_F2,8051.847783694749,7817.721841402847,samples,#c2c2c2
4s2M_F2,8154.694855270351,7801.941073806589,samples,#c2c2c2
4s2M_F2,8214.48891991499,7784.335754987236,samples,#c2c2c2
4s2M_F2,8288.75135566208,7775.7571632716235,samples,#c2c2c2
4s2M_F2,8373.961098747748,7775.7571632716235,samples,#c2c2c2
4s2M_F2,8453.37709145832,7775.7571632716235,samples,#c2c2c2
4s2M_F2,8558.720917339213,7777.6137241653005,samples,#c2c2c2
4s2M_F2,8566.275199596244,7777.6137241653005,samples,#c2c2c2
4s2M_F2,8573.829481853278,7777.6137241653005,samples,#c2c2c2
4s2M_F2,8618.38694330153,7777.6137241653005,samples,#c2c2c2
4s2M_F2,8653.629590610817,7780.942729905689,samples,#c2c2c2
4s2M_F2,8898.311512529244,7787.98485743343,samples,#c2c2c2
4s2M_F2,8978.751814698398,7804.053712064911,samples,#c2c2c2
4s2M_F2,9142.193192683155,7806.422427687879,samples,#c2c2c2
4s2M_F2,9288.381358224946,7818.810170202587,samples,#c2c2c2
4s2M_F2,9562.76825444221,7824.539901236522,samples,#c2c2c2
4s2M_F2,9695.704416363616,7844.097809961294,samples,#c2c2c2
4s2M_F2,9854.856498490568,7862.567389886324,samples,#c2c2c2
4s2M_F2,9984.015519283457,7880.108689364516,samples,#c2c2c2
4s2M_F2,10075.91528352048,7898.034104889677,samples,#c2c2c2
4s2M_F2,10147.776993974021,7915.991530085416,samples,#c2c2c2
4s2M_F2,10274.151173426395,7937.726096409673,samples,#c2c2c2
4s2M_F2,10304.944476524974,7958.884488663477,samples,#c2c2c2
4s2M_F2,10353.407117784065,7983.820022045796,samples,#c2c2c2
4s2M_F2,10435.255845458769,8002.865776041279,samples,#c2c2c2
4s2M_F2,10617.614938756684,7990.958178585281,samples,#c2c2c2
4s2M_F2,10607.787969888428,7965.286422779605,samples,#c2c2c2
4s2M_F2,10594.792043632688,7926.394673024125,samples,#c2c2c2
4s2M_F2,10600.45775532546,7907.5089673815455,samples,#c2c2c2
4s2M_F2,10678.497332201065,7871.3700492960015,samples,#c2c2c2
4s2M_F2,10700.391946878224,7873.738764918969,samples,#c2c2c2
4s2M_F2,10747.382143290606,7940.799024785414,samples,#c2c2c2
4s2M_F2,10821.036395296664,8037.692297633018,samples,#c2c2c2
4s2M_F2,10936.943412469169,8146.5251776072,samples,#c2c2c2
4s2M_F2,11061.108924651478,8220.307468295578,samples,#c2c2c2
4s2M_F2,11103.745805864894,8281.958093833895,samples,#c2c2c2
4s2M_F2,11152.46452448863,8379.107444046143,samples,#c2c2c2
4s2M_F2,11241.771505408622,8559.193850732836,samples,#c2c2c2
4s2M_F2,11277.590326788359,8674.332635811405,samples,#c2c2c2
4s2M_F2,11281.367467916876,8700.420517334627,samples,#c2c2c2
4s2M_F2,11310.304210121776,8847.344905299775,samples,#c2c2c2
4s2M_F2,11343.434219172741,9008.833693379112,samples,#c2c2c2
4s2M_F2,11347.243369971837,9051.438564921948,samples,#c2c2c2
4s2M_F2,11341.673687290806,9100.86149629846,samples,#c2c2c2
4s2M_F2,11326.597132447323,9197.050556393287,samples,#c2c2c2
4s2M_F2,11313.92130289739,9280.91589331457,samples,#c2c2c2
4s2M_F2,11303.582179299841,9335.652430007467,samples,#c2c2c2
4s2M_F2,11283.288048151715,9396.502813781268,samples,#c2c2c2
4s2M_F2,11274.005243683328,9426.367836433006,samples,#c2c2c2
4s2M_F2,11271.63652806036,9442.820807111457,samples,#c2c2c2
4s2M_F2,11279.190810317392,9474.542390656874,samples,#c2c2c2
4s2M_F2,11304.094334029132,9592.658075099442,samples,#c2c2c2
4s2M_F2,11305.98290459339,9596.371196886796,samples,#c2c2c2
4s2M_F2,11326.94923882371,9669.289226469498,samples,#c2c2c2
4s2M_F2,11378.80490516435,9869.92584166896,samples,#c2c2c2
4s2M_F2,11380.693475728609,10024.276473208818,samples,#c2c2c2
4s2M_F2,11380.693475728609,10169.120232586221,samples,#c2c2c2
4s2M_F2,11352.204868911836,10340.147902498593,samples,#c2c2c2
4s2M_F2,11280.727274505263,10449.941072590194,samples,#c2c2c2
4s2M_F2,11192.988767443723,10560.98261983444,samples,#c2c2c2
4s2M_F2,11167.829166367339,10627.72278299508,samples,#c2c2c2
4s2M_F2,11108.09912106386,10845.836678331574,samples,#c2c2c2
4s2M_F2,11066.806646014833,11003.64435429414,samples,#c2c2c2
4s2M_F2,11030.25160221174,11110.332586339417,samples,#c2c2c2
4s2M_F2,10974.266688366197,11290.290954343787,samples,#c2c2c2
4s2M_F2,10910.823521275364,11500.882577093831,samples,#c2c2c2
4s2M_F2,10867.546446650336,11588.813142178855,samples,#c2c2c2
4s2M_F2,10743.50897315035,11760.09688945587,samples,#c2c2c2
4s2M_F2,10604.042838430492,11896.714163494049,samples,#c2c2c2
4s2M_F2,10576.93064744869,11938.934918989917,samples,#c2c2c2
4s2M_F2,10544.56887049166,12014.44573188965,samples,#c2c2c2
4s2M_F2,10507.629710641599,12045.30305432939,samples,#c2c2c2
4s2M_F2,10460.063340158766,12077.72885062758,samples,#c2c2c2
4s2M_F2,10360.673313005871,12117.868977535705,samples,#c2c2c2
4s2M_F2,10289.83591201091,12141.908240141767,samples,#c2c2c2
4s2M_F2,10168.58327985144,12154.744118044604,samples,#c2c2c2
4s2M_F2,10064.359792440868,12154.744118044604,samples,#c2c2c2
4s2M_F2,9861.098384253793,12186.337662907697,samples,#c2c2c2
4s2M_F2,9731.87534411974,12189.666668648084,samples,#c2c2c2
4s2M_F2,9581.846018108272,12189.666668648084,samples,#c2c2c2
4s2M_F2,9474.837689357186,12166.107551100731,samples,#c2c2c2
4s2M_F2,9366.933089829843,12149.974677128088,samples,#c2c2c2
4s2M_F2,9291.742373635914,12119.08534501777,samples,#c2c2c2
4s2M_F2,9128.012908615932,12022.704226899456,samples,#c2c2c2
4s2M_F2,9064.66577053684,12000.745592881136,samples,#c2c2c2
4s2M_F2,8933.106024450402,11911.72669899637,samples,#c2c2c2
4s2M_F2,8807.083951374416,11837.97641797857,samples,#c2c2c2
4s2M_F2,8708.590194997778,11771.652380535481,samples,#c2c2c2
4s2M_F2,8556.416221057407,11679.560558274974,samples,#c2c2c2
4s2M_F2,8493.549228037025,11625.912350381817,samples,#c2c2c2
4s2M_F2,8435.995840333033,11573.1924229355,samples,#c2c2c2
4s2M_F2,8374.121147100652,11468.456780795641,samples,#c2c2c2
4s2M_F2,8307.445003281175,11382.63885396894,samples,#c2c2c2
4s2M_F2,8234.687022051374,11288.49841279127,samples,#c2c2c2
4s2M_F2,8191.153870061702,11236.098582050761,samples,#c2c2c2
4s2M_F2,8125.181938994999,11121.311903348578,samples,#c2c2c2
4s2M_F2,8107.928726552033,11071.088730207552,samples,#c2c2c2
4s2M_F2,8092.916191049711,11008.893940269365,samples,#c2c2c2
4s2M_F2,8060.490394751521,10956.142003152467,samples,#c2c2c2
4s2M_F2,8041.828756803008,10948.587720895433,samples,#c2c2c2
4s2M_F2,7954.634414141339,10948.587720895433,samples,#c2c2c2
4s2M_F2,7903.034825165343,10948.587720895433,samples,#c2c2c2
4s2M_F2,7857.0689382115415,10932.45484692279,samples,#c2c2c2
4s2M_F2,7798.043105660838,10908.671661681374,samples,#c2c2c2
4s2M_F2,7750.220657813359,10872.052598537119,samples,#c2c2c2
4s2M_F2,7728.3580528067805,10780.664989029387,samples,#c2c2c2
4s2M_F2,7715.682223256847,10679.194333288751,samples,#c2c2c2
4s2M_F2,7715.682223256847,10640.142535180368,samples,#c2c2c2
4s2M_F2,7699.3893009313,10348.758503884786,samples,#c2c2c2
4s2M_F2,7689.8824287688485,10284.5791143706,samples,#c2c2c2
4s2M_F2,7740.49843324666,10281.795552557936,samples,#c2c2c2
4s2M_F2,7725.961818501567,10195.365457367405,samples,#c2c2c2
4s2M_F2,7603.230678411382,10222.069907017514,samples,#c2c2c2
4s2M_F2,7458.740597506035,10237.33284059357,samples,#c2c2c2
4s2M_F2,7319.594559491983,10233.971825182603,samples,#c2c2c2
4s2M_F2,7254.9670345896675,10217.32679648067,samples,#c2c2c2
4s2M_F2,7161.767050950728,10175.443411532904,samples,#c2c2c2
4s2M_F2,7154.296283762788,10085.267809757635,samples,#c2c2c2
4s2M_F2,7161.362131319945,9931.054168374107,samples,#c2c2c2
4s2M_F2,7144.821164402477,9754.731915149854,samples,#c2c2c2
4s2M_F2,7141.824759134687,9594.687431083057,samples,#c2c2c2
4s2M_F2,7138.018514605331,9498.134345122964,samples,#c2c2c2
4s2M_F2,7139.030813682288,9431.282114080768,samples,#c2c2c2
4s2M_F2,7151.137910642686,9177.903655118598,samples,#c2c2c2
4s2M_F2,7077.857527266975,9061.489601484269,samples,#c2c2c2
4s2M_F2,7118.44578956323,8921.99145709383,samples,#c2c2c2
4s2M_F2,7154.168581931226,8771.033850635524,samples,#c2c2c2
4s2M_F2,7164.635744211097,8713.51247260211,samples,#c2c2c2
4s2M_F2,7172.702181197418,8700.676594699273,samples,#c2c2c2
4s2M_F2,7218.764097162961,8641.298655772183,samples,#c2c2c2
4s2M_F2,7220.652667727219,8632.23991899786,samples,#c2c2c2
4s2M_F2,7251.029845108248,8593.348169242381,samples,#c2c2c2
4s2M_F2,7258.58412736528,8591.459598678122,samples,#c2c2c2
4s2M_F2,7297.475877120761,8587.682457549607,samples,#c2c2c2
4s2M_F2,7336.751742923207,8580.128175292575,samples,#c2c2c2
4s2M_F2,7395.265420744621,8572.061738306253,samples,#c2c2c2
4s2M_F2,7455.667669130293,8564.859562425609,samples,#c2c2c2
4s2M_F2,7529.417950148092,8564.859562425609,samples,#c2c2c2
4s2M_F2,7564.916674822023,8561.082421297093,samples,#c2c2c2
4s2M_F2,7587.579521593118,8561.082421297093,samples,#c2c2c2
4s2M_F2,7612.2589776107925,8557.721405886126,samples,#c2c2c2
4s2M_F2,7678.871102089109,8551.415500781739,samples,#c2c2c2
4s2M_F2,7682.648243217624,8551.415500781739,samples,#c2c2c2
4s2M_F2,7714.36982676304,8541.46049323116,samples,#c2c2c2
4s2M_F2,7727.7178593951685,8538.099477820191,samples,#c2c2c2
4s2M_F2,7780.6618545355495,8433.523884033235,samples,#c2c2c2
4s2M_F2,7780.693864206131,8420.30389008343,samples,#c2c2c2
4s2M_F2,7771.379050067164,8410.86103726214,samples,#c2c2c2
4s2M_F2,7758.351114140842,8391.975331619562,samples,#c2c2c2
4s2M_F2,7749.036300001875,8367.423914284209,samples,#c2c2c2
4s2M_F2,7749.036300001875,8328.148048481762,samples,#c2c2c2
4s2M_F2,7749.036300001875,8184.360608233518,samples,#c2c2c2
4s2M_F2,7750.924870566133,8143.58028791378,samples,#c2c2c2
4s2M_F2,7743.722694685489,7981.54733543457,samples,#c2c2c2
4s2M_F2,7741.353979062522,7953.987009064638,samples,#c2c2c2
4s2M_F2,7741.353979062522,7946.816842854575,samples,#c2c2c2
4s2M_F2,7741.353979062522,7926.042566647738,samples,#c2c2c2
4s2M_F2,7745.131120191037,7922.265425519222,samples,#c2c2c2
4s2M_F2,7769.68253752639,7893.936867055354,samples,#c2c2c2
4s2M_F2,7769.68253752639,7892.048296491096,samples,#c2c2c2
4s2M_F2,7782.902531476195,7878.828302541291,samples,#c2c2c2
4s2M_F2,7805.565378247289,7858.054026334455,samples,#c2c2c2
4s2M_F2,7856.684822164574,7830.717767658587,samples,#c2c2c2
4s2M_F2,7862.350533857349,7826.9406265300695,samples,#c2c2c2
4s2M_F2,7873.297841195928,7825.0520559658125,samples,#c2c2c2
4s2M_F2,7886.517835145732,7821.274914837297,samples,#c2c2c2
4s2M_F2,7886.517835145732,7821.274914837297,samples,#c2c2c2
4s2M_F2,7900.922186907021,7835.871324622069,samples,#c2c2c2
4s2M_F1,1269.8049061161987,8948.71447875541,samples,#c2c2c2
4s2M_F1,1312.147382478021,8939.63880835031,samples,#c2c2c2
4s2M_F1,1427.159135252511,8939.63880835031,samples,#c2c2c2
4s2M_F1,1733.9104036277063,8943.505555248259,samples,#c2c2c2
4s2M_F1,2157.33516724593,9004.286981693682,samples,#c2c2c2
4s2M_F1,2379.3375697256142,9028.605943589037,samples,#c2c2c2
4s2M_F1,2692.1286328422307,9068.423849662118,samples,#c2c2c2
4s2M_F1,2917.678216360527,9091.848027151336,samples,#c2c2c2
4s2M_F1,3166.875673469577,9128.374404873271,samples,#c2c2c2
4s2M_F1,3424.222059991657,9152.62945359676,samples,#c2c2c2
4s2M_F1,3593.655878610814,9196.218236809988,samples,#c2c2c2
4s2M_F1,3809.618486349075,9277.26013873722,samples,#c2c2c2
4s2M_F1,4043.1891729366685,9358.717476281585,samples,#c2c2c2
4s2M_F1,4224.734537624602,9434.614367873532,samples,#c2c2c2
4s2M_F1,4630.359482877895,9538.920664360316,samples,#c2c2c2
4s2M_F1,4747.416457152125,9604.687318211356,samples,#c2c2c2
4s2M_F1,4966.28711421033,9732.641488288895,samples,#c2c2c2
4s2M_F1,5064.4577461978915,9781.471151595206,samples,#c2c2c2
4s2M_F1,5182.6332009797925,9873.761771771013,samples,#c2c2c2
4s2M_F1,5303.141486534836,9966.531740735822,samples,#c2c2c2
4s2M_F1,5344.333525803054,10000.341808653413,samples,#c2c2c2
4s2M_F1,5426.174342378623,10107.971590077274,samples,#c2c2c2
4s2M_F1,5464.042896709761,10158.175386578727,samples,#c2c2c2
4s2M_F1,5472.607261739927,10173.32280831118,samples,#c2c2c2
4s2M_F1,5495.23252458081,10195.660461878664,samples,#c2c2c2
4s2M_F1,5515.588869820417,10211.031579712653,samples,#c2c2c2
4s2M_F1,5525.016062670787,10229.630312725922,samples,#c2c2c2
4s2M_F1,5543.518925926253,10268.13799877573,samples,#c2c2c2
4s2M_F1,5545.404364496328,10269.99148075987,samples,#c2c2c2
4s2M_F1,5547.289803066401,10271.844962744011,samples,#c2c2c2
4s2M_F1,5553.457424151557,10282.710201961385,samples,#c2c2c2
4s2M_F1,5559.1137398617775,10282.710201961385,samples,#c2c2c2
4s2M_F1,5611.522540792637,10263.344510885714,samples,#c2c2c2
4s2M_F1,5661.662424122221,10243.978819810043,samples,#c2c2c2
4s2M_F1,5751.0130383921505,10240.207942669895,samples,#c2c2c2
4s2M_F1,5819.879481078738,10261.65081183124,samples,#c2c2c2
4s2M_F1,5821.764919648811,10358.60709355333,samples,#c2c2c2
4s2M_F1,5826.590364124762,10442.620957972373,samples,#c2c2c2
4s2M_F1,5828.98710806977,10482.886256248521,samples,#c2c2c2
4s2M_F1,5828.98710806977,10599.719534421216,samples,#c2c2c2
4s2M_F1,5820.934048414541,10749.180486831967,samples,#c2c2c2
4s2M_F1,5820.934048414541,10879.882923299781,samples,#c2c2c2
4s2M_F1,5837.551473099935,10994.830762902404,samples,#c2c2c2
4s2M_F1,5869.603928791186,11099.552495006323,samples,#c2c2c2
4s2M_F1,5910.636185129738,11216.03425073375,samples,#c2c2c2
4s2M_F1,5948.312999945277,11284.54917097507,samples,#c2c2c2
4s2M_F1,5972.568048668766,11353.990832208458,samples,#c2c2c2
4s2M_F1,6037.567744457405,11567.65256575951,samples,#c2c2c2
4s2M_F1,6070.9623767578605,11779.716470013893,samples,#c2c2c2
4s2M_F1,6078.504131038155,11829.44091772634,samples,#c2c2c2
4s2M_F1,6050.190595901117,11928.314594604439,samples,#c2c2c2
4s2M_F1,6023.730542748221,12062.372472595263,samples,#c2c2c2
4s2M_F1,5997.398315939056,12236.15238690137,samples,#c2c2c2
4s2M_F1,5985.638292315547,12345.923259582774,samples,#c2c2c2
4s2M_F1,5955.215622506902,12506.249451210897,samples,#c2c2c2
4s2M_F1,5928.595786424336,12648.584084958487,samples,#c2c2c2
4s2M_F1,5913.608147621548,12752.123423382869,samples,#c2c2c2
4s2M_F1,5887.116137882717,12898.196977684674,samples,#c2c2c2
4s2M_F1,5851.196935293519,13016.180692950973,samples,#c2c2c2
4s2M_F1,5796.838782620719,13124.417649507572,samples,#c2c2c2
4s2M_F1,5711.322958662805,13229.97025284576,samples,#c2c2c2
4s2M_F1,5588.513798920553,13384.192736560593,samples,#c2c2c2
4s2M_F1,5529.68172421707,13460.025714980671,samples,#c2c2c2
4s2M_F1,5470.370300724584,13532.05585967467,samples,#c2c2c2
4s2M_F1,5441.513503626679,13568.582237396606,samples,#c2c2c2
4s2M_F1,5353.08963034882,13625.20930767068,samples,#c2c2c2
4s2M_F1,5212.768261515038,13697.910540669282,samples,#c2c2c2
4s2M_F1,5109.548488949991,13740.796278991971,samples,#c2c2c2
4s2M_F1,5008.246111540952,13786.238544189338,samples,#c2c2c2
4s2M_F1,4909.372434662855,13839.350390010735,samples,#c2c2c2
4s2M_F1,4830.24792789163,13881.628953200689,samples,#c2c2c2
4s2M_F1,4732.332948591537,13915.502934290149,samples,#c2c2c2
4s2M_F1,4555.708898137354,13992.262653702295,samples,#c2c2c2
4s2M_F1,4442.646497104804,14018.467054167726,samples,#c2c2c2
4s2M_F1,4358.025457553026,14020.320536151869,samples,#c2c2c2
4s2M_F1,4125.637164644972,14027.510767986892,samples,#c2c2c2
4s2M_F1,3978.6688259370308,14034.157737861053,samples,#c2c2c2
4s2M_F1,3762.9299143003027,14034.157737861053,samples,#c2c2c2
4s2M_F1,3646.480115158808,14008.368773012757,samples,#c2c2c2
4s2M_F1,3379.2911001692264,13959.890632151713,samples,#c2c2c2
4s2M_F1,3250.4421456855525,13938.415806404435,samples,#c2c2c2
4s2M_F1,3201.4207428636378,13931.736879944343,samples,#c2c2c2
4s2M_F1,3097.7216215095905,13931.736879944343,samples,#c2c2c2
4s2M_F1,3038.5699809467724,13982.707634508193,samples,#c2c2c2
4s2M_F1,3024.125604104852,14041.92318824288,samples,#c2c2c2
4s2M_F1,2971.4931070724588,14112.994635358877,samples,#c2c2c2
4s2M_F1,2889.172941707889,14170.005184664149,samples,#c2c2c2
4s2M_F1,2744.5374337730905,14294.060651257807,samples,#c2c2c2
4s2M_F1,2635.0222137791543,14387.949100730288,samples,#c2c2c2
4s2M_F1,2577.8518815442108,14419.266554945067,samples,#c2c2c2
4s2M_F1,2466.99448494107,14494.779967505812,samples,#c2c2c2
4s2M_F1,2441.237476678708,14508.29760335566,samples,#c2c2c2
4s2M_F1,2378.634524835078,14520.50501918224,samples,#c2c2c2
4s2M_F1,2308.617645054887,14545.622895725932,samples,#c2c2c2
4s2M_F1,2269.502783872343,14564.221628739202,samples,#c2c2c2
4s2M_F1,2206.22874372411,14586.399499377017,samples,#c2c2c2
4s2M_F1,2101.1874457608574,14593.525818040174,samples,#c2c2c2
4s2M_F1,1856.719563369958,14618.260215552667,samples,#c2c2c2
4s2M_F1,1750.1443492818994,14644.208963330628,samples,#c2c2c2
4s2M_F1,1664.3728726365168,14700.548424331304,samples,#c2c2c2
4s2M_F1,1595.6981694655308,14750.336785215619,samples,#c2c2c2
4s2M_F1,1573.7120383433169,14760.658762472123,samples,#c2c2c2
4s2M_F1,1538.6237069883873,14787.757947343689,samples,#c2c2c2
4s2M_F1,1425.5293493699053,14811.437777520377,samples,#c2c2c2
4s2M_F1,1351.3581134183655,14818.020834222667,samples,#c2c2c2
4s2M_F1,1223.4678565126947,14818.020834222667,samples,#c2c2c2
4s2M_F1,984.9119425194845,14800.892104162338,samples,#c2c2c2
4s2M_F1,930.7135727763515,14782.261414563134,samples,#c2c2c2
4s2M_F1,765.338240570743,14706.939741517992,samples,#c2c2c2
4s2M_F1,594.4663755845814,14585.344932041213,samples,#c2c2c2
4s2M_F1,574.0141605871726,14560.834230630257,samples,#c2c2c2
4s2M_F1,543.5275776066603,14455.888802424803,samples,#c2c2c2
4s2M_F1,525.855585585462,14291.376298039397,samples,#c2c2c2
4s2M_F1,527.7410241555359,14146.804703276466,samples,#c2c2c2
4s2M_F1,553.977381206899,14065.123669630568,samples,#c2c2c2
4s2M_F1,581.4920016956002,14003.926807568007,samples,#c2c2c2
4s2M_F1,625.7838297993629,13914.576193298079,samples,#c2c2c2
4s2M_F1,722.8679378651867,13696.728146989743,samples,#c2c2c2
4s2M_F1,740.1244942692505,13557.844824522967,samples,#c2c2c2
4s2M_F1,735.362962965166,13410.397137026022,samples,#c2c2c2
4s2M_F1,732.0394780280868,13254.193344983314,samples,#c2c2c2
4s2M_F1,711.5553064447454,13109.142401431383,samples,#c2c2c2
4s2M_F1,697.3026691184263,12928.971169938584,samples,#c2c2c2
4s2M_F1,688.3228684711268,12833.3570648257,samples,#c2c2c2
4s2M_F1,688.3228684711268,12703.133977146887,samples,#c2c2c2
4s2M_F1,688.3228684711268,12667.182817971756,samples,#c2c2c2
4s2M_F1,683.145901549907,12556.83672674355,samples,#c2c2c2
4s2M_F1,662.1823811775636,12455.278696647043,samples,#c2c2c2
4s2M_F1,636.7768953604703,12385.038120765319,samples,#c2c2c2
4s2M_F1,559.473913987452,12226.277801847933,samples,#c2c2c2
4s2M_F1,523.9062338435214,12074.164452804707,samples,#c2c2c2
4s2M_F1,510.77207702487357,12019.614560616306,samples,#c2c2c2
4s2M_F1,440.75519724468217,11979.509045269826,samples,#c2c2c2
4s2M_F1,420.9101573800093,11870.537087236758,samples,#c2c2c2
4s2M_F1,430.8486556053128,11818.895244368301,samples,#c2c2c2
4s2M_F1,491.6300820507359,11742.00769861242,samples,#c2c2c2
4s2M_F1,571.265894196896,11656.108395623303,samples,#c2c2c2
4s2M_F1,684.9035137762469,11503.739393892609,samples,#c2c2c2
4s2M_F1,701.1055028445066,11436.88621611983,samples,#c2c2c2
4s2M_F1,696.8872335012908,11368.019773433243,samples,#c2c2c2
4s2M_F1,651.6686644054581,11252.113236252617,samples,#c2c2c2
4s2M_F1,610.8920607543752,11200.503349970095,samples,#c2c2c2
4s2M_F1,203.98885206374433,10974.410504490928,samples,#c2c2c2
4s2M_F1,198.3964495253907,10966.868750210635,samples,#c2c2c2
4s2M_F1,186.7322956596814,10947.375232791228,samples,#c2c2c2
4s2M_F1,64.30661494863106,10770.144007204311,samples,#c2c2c2
4s2M_F1,25.63914596915524,10709.969755891623,samples,#c2c2c2
4s2M_F1,23.78566398501539,10708.084317321549,samples,#c2c2c2
4s2M_F1,-68.21734691739006,10566.932077253496,samples,#c2c2c2
4s2M_F1,-86.01716528232241,10542.80485487374,samples,#c2c2c2
4s2M_F1,-132.9294334326284,10371.261901582977,samples,#c2c2c2
4s2M_F1,-190.2275920113058,10203.937217635428,samples,#c2c2c2
4s2M_F1,-203.32979224402033,10126.53836650461,samples,#c2c2c2
4s2M_F1,-220.65026181995066,9975.319801867521,samples,#c2c2c2
4s2M_F1,-220.65026181995066,9941.637560293662,samples,#c2c2c2
4s2M_F1,-220.65026181995066,9922.783174592925,samples,#c2c2c2
4s2M_F1,-207.10066938416745,9684.898348904318,samples,#c2c2c2
4s2M_F1,-190.41933152690643,9651.152194158594,samples,#c2c2c2
4s2M_F1,-129.31833922214787,9560.075924248258,samples,#c2c2c2
4s2M_F1,-99.15132210097026,9518.596275706639,samples,#c2c2c2
4s2M_F1,-40.28729081155361,9442.923080216227,samples,#c2c2c2
4s2M_F1,18.448914134129016,9364.469661749607,samples,#c2c2c2
4s2M_F1,37.30329983486454,9347.500714618944,samples,#c2c2c2
4s2M_F1,160.2402859208502,9286.080156454851,samples,#c2c2c2
4s2M_F1,193.7947011509736,9268.599903949253,samples,#c2c2c2
4s2M_F1,352.7787161698919,9228.078952985637,samples,#c2c2c2
4s2M_F1,492.17334401160457,9172.027101258365,samples,#c2c2c2
4s2M_F1,563.6921833306678,9158.317725892914,samples,#c2c2c2
4s2M_F1,685.2550362215148,9116.32677197636,samples,#c2c2c2
4s2M_F1,857.8525568480837,9036.914655931734,samples,#c2c2c2
4s2M_F1,863.508872558304,9033.143778791587,samples,#c2c2c2
4s2M_F1,872.5525863774709,9033.143778791587,samples,#c2c2c2
4s2M_F1,936.7533675177739,9021.22397223841,samples,#c2c2c2
4s2M_F1,1079.5353934684324,9007.834162732295,samples,#c2c2c2
4s2M_F1,1092.7334634589477,9004.063285592147,samples,#c2c2c2
4s2M_F1,1135.7150715394391,8996.521531311852,samples,#c2c2c2
4s2M_F1,1165.4986096294147,8992.750654171707,samples,#c2c2c2
4s2M_F1,1205.2206459446945,8981.853458368398,samples,#c2c2c2
4s2M_F1,1225.9604702155038,8972.426265518032,samples,#c2c2c2
4s2M_F1,1261.4003240157012,8962.999072667662,samples,#c2c2c2
4s2M_F1,1274.5983940062165,8957.342756957441,samples,#c2c2c2
4s2M_F1,1274.5983940062165,8957.342756957441,samples,#c2c2c2
4s2M_F1,1269.8049061161987,8948.71447875541,samples,#c2c2c2