p_val,avg_log2FC,pct.1,pct.2,p_val_adj,cluster,gene
0,2.41785359730818,0.965,0.477,0,0,Cst7
0,2.0074525448443996,0.832,0.393,0,0,Lpl
0,2.009226873272666,0.668,0.262,0,0,Ccl3
0,1.7651230645680964,0.76,0.355,0,0,Myo1e
0,1.4051005668025383,0.805,0.465,0,0,Axl
0,2.011508635162851,0.634,0.301,0,0,Cd74
0,1.9968239058573491,0.573,0.248,0,0,Itgax
0,1.5141765492008337,0.68,0.379,0,0,Csf1
0,1.7988873126518463,0.462,0.165,0,0,Clec7a
0,1.5088293276468405,0.761,0.512,0,0,rs7412-ALT-226:T
0,1.4659892450153085,0.612,0.366,0,0,Vim
0,1.921825650165456,0.335,0.107,0,0,Ch25h
0,1.486879667182563,0.401,0.191,0,0,Plin2
0,1.1306196342733563,0.497,0.297,0,0,rs7412-WT-226
0,2.0722545594367663,0.366,0.171,0,0,Gpnmb
0,0.9238912112758242,0.909,0.722,0,0,Lgals3bp
0,2.03131019693301,0.992,0.808,0,0,Lyz2
0,1.4214716343563705,0.957,0.783,0,0,Gusb
0,0.83193618772447675,0.648,0.475,0,0,Lipa
0,0.8053701718557761,0.676,0.519,0,0,Cstb
0,2.5813162415769857,0.279,0.122,0,0,Spp1
0,1.2024321607135375,0.967,0.81,0,0,Bcl2a1b
0,1.0958216003431498,0.951,0.822,0,0,Hif1a
0,0.6419426198502185,0.87,0.763,0,0,Pfkfb3
0,1.4434660348908457,0.997,0.891,0,0,Gfap
0,0.7547048718607563,0.952,0.862,0,0,Ly86
0,0.8924906075139947,0.965,0.883,0,0,Cd68
0,1.3610102923874106,0.999,0.939,0,0,Cd63
0,0.6968517346900827,0.978,0.919,0,0,Sgpl1
0,0.6311513136413871,0.97,0.917,0,0,Bhlhe41
0,0.6626901979306599,0.988,0.942,0,0,Sat1
0,0.49926319344254955,0.974,0.936,0,0,Ppt1
0,1.2610090719158342,0.996,0.962,0,0,Ctsl
0,0.8706038675298022,0.998,0.976,0,0,Uba52
0,1.470976089625598,0.999,0.979,0,0,Ctsb
0,0.94432542453315,0.999,0.981,0,0,Trem2
0,1.254792945100391,1,0.992,0,0,Ftl1
0,0.5964904388307066,0.997,0.989,0,0,Gns
0,1.1759418113784719,0.999,0.992,0,0,Hexa
0,0.8467509261908539,0.999,0.993,0,0,Grn
0,0.801003413307714,0.999,0.994,0,0,C1qc
0,0.7193179045105813,0.999,0.995,0,0,C1qa
0,0.625894479390996,1,0.997,0,0,Hexb
0,0.6770992072205377,1,1,0,0,Cst3
0,1.0103987346757322,1,1,0,0,Ctsd
0,0.6876505233557149,1,1,0,0,Tmsb4x
2.564e-320,0.8292750976716431,0.593,0.413,1.2308163e-317,0,Acaca
2.690661983050356e-302,0.65250454324614,0.78,0.647,1.2915177518641709e-299,0,Aldh2
1.7857788016026882e-294,0.8491102947042071,0.773,0.649,8.571738247692903e-292,0,Cd14
1.1772662221011629e-293,0.5857815819537251,0.915,0.849,5.650877866085582e-291,0,Arsb
2.6119534450770414e-278,0.7326045625126475,0.496,0.315,1.2537376536369799e-275,0,Ifitm3
1.6547747215437142e-263,1.1538211670411997,0.33,0.176,7.942918663409828e-261,0,Pdcd1
1.6142720385980553e-238,0.7921134930712359,0.9,0.874,7.748505785270666e-236,0,Fabp5
1.679136811248676e-227,1.317297921045577,0.224,0.101,8.059856693993644e-225,0,rs429358-ALT-228:C
5.60778241751746e-220,0.2850038777104218,0.572,0.401,2.691735560408381e-217,0,Serpina3n
7.539298240318113e-209,1.86785148778588,0.233,0.114,3.6188631553526943e-206,0,rs429358-WT-228
2.053833352587824e-206,0.34495147850547614,0.988,0.968,9.858400092421555e-204,0,Prdx1
1.3393103870371975e-198,1.9344970167284854,0.123,0.039,6.4286898577785475e-196,0,Lgals3
2.4222502333758933e-197,0.457862423773332,0.863,0.789,1.1626801120204288e-194,0,Cndp2
1.4864652865212282e-184,0.21330460864327438,1,1,7.135033375301896e-182,0,Gapdh
7.324896239402458e-182,0.37129181253108845,0.993,0.988,3.51595019491318e-179,0,Cox4i1
1.763277603696165e-179,0.7676872135840793,0.443,0.309,8.463732497741592e-177,0,Mapkapk2
1.3060919111738096e-172,0.38092190828462336,0.941,0.896,6.269241173634286e-170,0,Gpx1
5.404622668252923e-172,0.9839457973849466,0.283,0.163,2.594218880761403e-169,0,Ifitm2
2.979388520411825e-171,0.44712097497325054,0.8,0.698,1.430106489797676e-168,0,Dgkd
6.595446604889011e-162,0.6034960690485598,0.604,0.488,3.165814370346725e-159,0,Naga
1.3794659200505776e-160,0.8791491424565758,0.302,0.182,6.621436416242772e-158,0,Hmox1
1.3207694162011022e-142,2.0498622778473177,0.137,0.06,6.33969319776529e-140,0,H2-Eb1
4.386392494749563e-142,0.975571770755215,0.263,0.157,2.1054683974797903e-139,0,Fxyd5
1.1620040576965186e-125,1.830615388941157,0.108,0.044,5.577619476943289e-123,0,Apoc4
6.874713026906453e-114,1.5342164027532594,0.103,0.042,3.2998622529150975e-111,0,H2-Ab1
3.3439225369646627e-108,1.7517153159360763,0.07,0.023,1.6050828177430382e-105,0,Ccl4
2.5943309161942336e-106,0.3607129948621488,0.799,0.733,1.245278839773232e-103,0,Pgd
2.670890702733868e-104,0.20568204334568385,0.989,0.977,1.2820275373122566e-101,0,Oxct1
1.8070159093068033e-103,0.18552929658090678,0.921,0.864,8.673676364672656e-101,0,Ldha
2.4926948609483028e-101,0.3123255955842501,0.806,0.726,1.1964935332551854e-98,0,Acer3
8.263493500398711e-100,0.17141286128589406,0.367,0.252,3.9664768801913815e-97,0,Flt1
5.8289648270105746e-92,0.43146443330347617,0.601,0.513,2.797903116965076e-89,0,Hacd2
1.49883075869564e-91,1.409377103410133,0.086,0.036,7.194387641739072e-89,0,Msr1
7.8417595988471e-87,0.31666969315767646,0.798,0.73,3.764044607446608e-84,0,Hadha
7.50929645039858e-86,0.9867721286027047,0.129,0.067,3.6044622961913185e-83,0,Cd44
1.3015181860129397e-80,1.0719675880485182,0.115,0.059,6.247287292862111e-78,0,Apoc2
2.6136959222296104e-76,0.47774173206649295,0.616,0.548,1.254574042670213e-73,0,Vegfa
2.586377890128116e-75,0.2969250549158964,0.815,0.765,1.2414613872614957e-72,0,Cerk
2.6190305709951284e-68,0.25556150466678673,0.872,0.822,1.2571346740776616e-65,0,Aif1
5.9182582883535335e-61,0.1895486178942698,0.945,0.919,2.840763978409696e-58,0,Asah1
4.840469046666166e-59,0.5215899828071998,0.333,0.259,2.3234251423997593e-56,0,Mt1
3.881208709655327e-58,0.3703319252324285,0.245,0.177,1.862980180634557e-55,0,Ifit2
1.2539034513663866e-54,0.7601208175678589,0.138,0.086,6.018736566558656e-52,0,Lgals1
1.5839868077489264e-53,0.20113405407138352,0.989,0.984,7.603136677194847e-51,0,Lrp1
2.386686126854018e-53,0.3719639593660941,0.477,0.404,1.1456093408899287e-50,0,Chst11
6.067207213956738e-47,0.6573082514948583,0.152,0.102,2.9122594626992344e-44,0,Ldlr
6.298649656246545e-47,0.4826956420957276,0.299,0.235,3.023351834998342e-44,0,Bcl2
4.530700969543889e-46,0.16642455334848894,0.996,0.994,2.1747364653810667e-43,0,Cpe
6.774358017526055e-46,0.7661441464683096,0.102,0.061,3.2516918484125068e-43,0,Serping1
1.0065581211724444e-44,1.3038872944382316,0.042,0.017,4.831478981627733e-42,0,Apoe
1.016829879910092e-44,0.38262018675977016,0.414,0.349,4.8807834235684413e-42,0,Soat1
2.668994170871382e-41,0.2529737928190503,0.947,0.919,1.2811172020182634e-38,0,Mbp
7.137803239711257e-38,0.29488719463111757,0.99,0.991,3.426145555061403e-35,0,Clu
8.75516650237652e-38,1.4174059935131114,0.035,0.015,4.20247992114073e-35,0,Pf4
2.6984484245227896e-37,0.24717670302626749,0.718,0.68,1.295255243770939e-34,0,Ddost
1.6385585816292965e-36,0.13251256622490581,0.872,0.819,7.865081191820623e-34,0,C1qb
3.5234796807587096e-34,0.7644410816709889,0.187,0.141,1.6912702467641807e-31,0,Pdgfra
1.1595509204479637e-30,0.49399374578666255,0.157,0.115,5.565844418150226e-28,0,Aldh3b1
4.684157209086811e-30,0.9796644858562749,0.071,0.043,2.2483954603616692e-27,0,Apoc1
2.527659043921125e-29,1.1512499535846334,0.033,0.015,1.2132763410821401e-26,0,Klrb1c
2.1131665774441954e-28,1.0413181950746258,0.06,0.036,1.0143199571732138e-25,0,Il1b
9.411602727836434e-27,0.17696039465893687,0.828,0.804,4.517569309361488e-24,0,Echs1
4.694504208521329e-25,0.39096230886073735,0.238,0.195,2.253362020090238e-22,0,Pgls
5.012392209293231e-22,0.10696111473868875,0.493,0.44,2.405948260460751e-19,0,Bhlhe40
9.465196069629302e-22,0.6749746686033786,0.084,0.058,4.543294113422064e-19,0,C3
6.165736698005845e-19,0.3159940667217218,0.761,0.749,2.9595536150428056e-16,0,Gstm1
1.2513615442813284e-15,0.6859080365787129,0.047,0.03,6.006535412550376e-13,0,Tcap
1.3227794744834667e-13,0.4183819639427582,0.083,0.062,6.34934147752064e-11,0,Plin3
3.2557643820390336e-13,0.5594477612670956,0.049,0.033,1.5627669033787362e-10,0,Mif
1.5033973763776255e-10,0.15636973262298193,0.448,0.416,7.216307406612602e-8,0,Vcam1
1.5312859002695623e-10,0.2529679886732275,0.329,0.303,7.3501723212939e-8,0,C1galt1c1
5.143343062474852e-10,0.44518322184318926,0.051,0.037,2.468804669987929e-7,0,Ms4a4b
4.916923378009145e-8,0.6039895234182415,0.027,0.018,2.3601232214443895e-5,0,Wif1
8.74716033714339e-8,0.942236973470731,0.01,0.005,4.1986369618288275e-5,0,Atf3
2.5550337242020674e-6,0.15470345280335285,0.721,0.718,0.0012264161876169924,0,Scg3
4.330763104091759e-6,0.3333175155900925,0.059,0.047,0.002078766289964044,0,Camp
1.6369173380281542e-5,0.17631794440236215,0.083,0.07,0.00785720322253514,0,Pou3f1
8.634717577620012e-5,0.13868980211276627,0.506,0.495,0.04144664437257606,0,Mt3
9.543738583388843e-5,0.1608481039536085,0.498,0.489,0.04580994520026645,0,Klf6
1.1374963129837719e-4,0.20731423668191606,0.029,0.023,0.054599823023221056,0,Tagln
3.3502211753940424e-4,0.48999053009398885,0.017,0.012,0.16081061641891403,0,Tph2
3.5002600942453746e-4,0.1283155678825384,0.229,0.213,0.16801248452377798,0,G6pd2
7.39099894249915e-4,0.11015864385176921,0.222,0.207,0.3547679492399592,0,Ppard
0.002268157641110481,0.40717556926775345,0.039,0.033,1,0,Tnf
0.0025883519647549565,0.12111018718005262,0.217,0.205,1,0,Ebp
0.0042331195891815035,0.22294887450412526,0.036,0.03,1,0,Clec10a
0.00915877757951202,0.401236068544808,0.011,0.008,1,0,Pah
0,1.6088531300410966,0.926,0.612,0,1,Tmem119
0,0.9816376362238055,0.805,0.585,0,1,Elmo1
0,1.0029909062007436,0.815,0.595,0,1,Selplg
0,1.090808980701786,0.62,0.406,0,1,Ltc4s
0,1.190185793005671,0.915,0.702,0,1,Maf
0,0.8622840719658438,0.746,0.546,0,1,Siglech
0,1.164121494879054,0.955,0.773,0,1,Lpcat2
0,1.2393385035743822,0.971,0.816,0,1,Ptgs1
0,0.6832022509441613,0.902,0.749,0,1,Abca1
0,0.7096305934166338,0.958,0.873,0,1,Gpr34
0,1.4342574693175365,0.998,0.939,0,1,P2ry12
0,0.6026794902257713,0.978,0.929,0,1,Glud1
0,0.8117027744938725,0.989,0.941,0,1,Tgfbr1
0,0.7261354650324128,0.996,0.976,0,1,Glul
0,0.8675857830954374,1,0.99,0,1,Cx3cr1
3.046611723390974e-302,0.641413462414286,0.896,0.76,1.4623736272276674e-299,1,Mertk
1.2150058767379393e-267,0.6398142379455538,0.914,0.819,5.832028208342109e-265,1,C1qb
1.0965203210416976e-266,0.447496584296152,0.994,0.975,5.263297541000149e-264,1,Arhgap5
1.4915171212321585e-265,0.613547243128747,0.983,0.952,7.15928218191436e-263,1,Aldoc
5.943442190378529e-262,0.6231205258744887,0.902,0.797,2.852852251381694e-259,1,Numb
2.6771892811073656e-260,0.638726993093085,0.851,0.703,1.2850508549315355e-257,1,St3gal6
8.723304487387109e-256,0.6766427622586493,0.795,0.64,4.187186153945812e-253,1,Pla2g15
1.167397385632719e-244,0.8038496570088443,0.648,0.474,5.603507451037051e-242,1,Plcg2
2.5806759651401383e-222,1.1093878003624418,0.601,0.442,1.2387244632672664e-219,1,Gja1
3.461636123212987e-207,0.9504359300959128,0.509,0.345,1.661585339142234e-204,1,Pnp
2.443145103940365e-205,0.8503523478192294,0.556,0.391,1.1727096498913751e-202,1,Phgdh
1.2797714811847428e-192,1.0496248401031674,0.352,0.199,6.142903109686765e-190,1,Il1a
2.2651235758070162e-191,0.6818409375185884,0.653,0.499,1.0872593163873678e-188,1,Ophn1
1.8033446938138462e-170,0.37971381172387053,0.978,0.941,8.656054530306462e-168,1,Bin1
3.088886011748554e-166,0.3843802640504226,0.92,0.826,1.4826652856393058e-163,1,Tjp1
2.4368185152270137e-160,0.6559730742766217,0.643,0.501,1.1696728873089667e-157,1,Tlr4
2.278268758516177e-143,0.4821567370342137,0.808,0.698,1.0935690040877651e-140,1,Rhob
5.372058394724342e-140,0.9181078422655204,0.323,0.195,2.578588029467684e-137,1,Icam1
1.4664039462169965e-137,0.4525427430101434,0.783,0.66,7.038738941841584e-135,1,Galnt1
1.560818375862569e-137,0.3912624909585234,0.911,0.822,7.491928204140331e-135,1,Aif1
4.1244186943153375e-126,0.5679817796062148,0.637,0.509,1.979720973271362e-123,1,Hk2
1.5357486721750125e-120,1.06233498766618,0.181,0.088,7.37159362644006e-118,1,Serpinf1
4.68272980566475e-117,0.29837931415745,0.992,0.977,2.24771030671908e-114,1,Ckb
2.6330790756860155e-116,1.241512993281351,0.291,0.18,1.2638779563292874e-113,1,Agt
3.630271481865192e-115,0.48545175761718795,0.859,0.777,1.742530311295292e-112,1,Mt2
4.3604877057152103e-107,0.271931840939585,0.997,0.99,2.0930340987433008e-104,1,Cd81
4.0620520163439414e-104,1.0031295068157624,0.45,0.344,1.949784967845092e-101,1,Htra1
1.5072885320444054e-102,0.5975234246789165,0.689,0.591,7.234984953813146e-100,1,Pla2g7
1.4993676709220888e-98,0.6140791712482175,0.5,0.388,7.196964820426027e-96,1,B4galt1
1.5520291110789342e-90,0.1658239585906056,1,1,7.449739733178884e-88,1,Psap
3.5856400874933e-80,0.6371282088929581,0.383,0.281,1.721107241996784e-77,1,Pla2g4a
1.728336216097649e-79,1.0268007556424132,0.177,0.101,8.296013837268716e-77,1,Cbs
3.839547689679808e-78,0.5349218296994547,0.508,0.407,1.8429828910463078e-75,1,Idh2
2.8282296144466152e-77,0.6761590210758637,0.513,0.42,1.3575502149343754e-74,1,Adcy5
2.0293750450677914e-72,0.2791384532942036,0.957,0.921,9.741000216325399e-70,1,Asah1
7.175075769523343e-71,0.5251502322805848,0.531,0.44,3.4440363693712046e-68,1,Ppcdc
1.0369641712129705e-69,1.0900877714213975,0.181,0.109,4.977428021822259e-67,1,Slc7a10
2.9097903530762024e-68,0.3563700990541081,0.888,0.843,1.3966993694765771e-65,1,Pygb
4.030903479118615e-66,0.26876278440411294,0.927,0.888,1.934833669976935e-63,1,Adam10
4.895824240028905e-66,0.2814808117897796,0.811,0.738,2.3499956352138744e-63,1,Gstm1
4.200200274295861e-62,0.34348257374793634,0.684,0.602,2.0160961316620135e-59,1,Whrn
1.0394444726260757e-60,0.689988631441414,0.237,0.159,4.989333468605164e-58,1,Tgfbi
7.481525164082626e-60,0.2119200052619794,0.995,0.99,3.5911320787596606e-57,1,Clu
9.510148250337279e-60,1.07432548888622,0.162,0.098,4.564871160161894e-57,1,Calb2
1.207724156287432e-57,0.6204745840082566,0.317,0.234,5.797075950179674e-55,1,Chsy1
3.954729326797263e-57,0.7438552775949903,0.253,0.177,1.8982700768626863e-54,1,Plpp3
5.966057034650878e-57,0.1723831942787104,0.994,0.984,2.8637073766324215e-54,1,Lrp1
1.4513005663040497e-50,0.2350309273382123,0.877,0.815,6.966242718259438e-48,1,Extl3
1.66503478127309e-46,0.3359548096506134,0.464,0.38,7.992166950110832e-44,1,Cers2
1.5403385287031828e-44,0.7103015369756989,0.209,0.146,7.393624937775277e-42,1,Prodh
1.551590261598386e-41,0.18844824389356218,0.76,0.689,7.447633255672253e-39,1,Lap3
1.2899601428719899e-40,0.4307884468254135,0.407,0.334,6.191808685785551e-38,1,St6galnac4
4.846660724811882e-39,1.5008922927806378,0.097,0.056,2.3263971479097033e-36,1,Tac1
1.5989547407755427e-38,0.12799144074131608,0.884,0.823,7.674982755722605e-36,1,Atp1b2
1.8346010498911054e-33,0.14294714433431732,1,0.997,8.806085039477305e-31,1,Hexb
3.086076783220585e-33,0.1980288757753934,0.95,0.914,1.4813168559458809e-30,1,Ids
5.399113263051516e-32,0.18833672110211186,0.859,0.811,2.5915743662647274e-29,1,P4ha1
1.9181405659468863e-30,0.16128404253701456,0.886,0.838,9.207074716545054e-28,1,Acta2
2.2266475152313118e-29,0.45852323633262204,0.238,0.182,1.0687908073110297e-26,1,Hk3
7.284385327385476e-29,0.8300119764983398,0.103,0.066,3.496504957145029e-26,1,Hsd11b1
1.7110763435556788e-24,0.42649855549892,0.246,0.195,8.213166449067258e-22,1,Nlrp3
2.8052280681242558e-24,0.22334200126196002,0.524,0.466,1.3465094726996427e-21,1,Timp3
1.3312423960988756e-22,0.34989775950575674,0.339,0.287,6.389963501274602e-20,1,Sptlc2
3.2741064401672425e-22,0.47739723193114103,0.18,0.137,1.5715710912802764e-19,1,Nfkbia
2.655275153942722e-19,0.3175447238380783,0.254,0.207,1.2745320738925068e-16,1,Stard8
3.2114680762028934e-18,0.7867892108797276,0.379,0.339,1.5415046765773888e-15,1,Ttr
2.784813084756616e-17,0.25234203261341914,0.566,0.523,1.3367102806831758e-14,1,Acsl6
4.742702630244071e-17,0.23496410215944313,0.462,0.419,2.2764972625171542e-14,1,Vcam1
5.965965711684669e-16,0.21126561464510396,0.129,0.097,2.863663541608641e-13,1,Ccl12
2.5397541597541834e-15,0.2448859394065488,0.66,0.64,1.219081996682008e-12,1,Abhd17a
1.152302855035272e-14,0.3890653465793752,0.156,0.123,5.531053704169305e-12,1,Acaa1a
1.5870543392000552e-14,0.39392218771659104,0.197,0.161,7.617860828160265e-12,1,Ganc
3.02653373637128e-13,0.2549626447532982,0.401,0.365,1.4527361934582145e-10,1,Gclc
2.445817524931216e-10,0.42977336306596925,0.108,0.085,1.1739924119669835e-7,1,Pax6
2.1363196951262335e-9,0.21506501149583857,0.74,0.709,1.025433453660592e-6,1,Slc32a1
3.3271652891428867e-9,0.3430422724426758,0.151,0.126,1.5970393387885857e-6,1,Rapgef3
4.8568459012265035e-9,0.11430365766442896,0.779,0.751,2.3312860325887215e-6,1,Acer3
4.0996267844482466e-8,0.24948787903672942,0.194,0.168,1.9678208565351584e-5,1,Khk
3.158032706958791e-7,0.20876632394801542,0.411,0.387,1.5158556993402197e-4,1,Aldh1l1
1.5644683928607504e-6,0.2771150821061046,0.129,0.11,7.509448285731602e-4,1,Folh1
1.3009953640017972e-5,0.17053153018897338,0.273,0.25,0.0062447777472086265,1,Alg5
1.516952712782779e-5,0.26174466538501906,0.166,0.147,0.007281373021357339,1,Maob
2.2631903680963638e-5,0.28422265062213947,0.092,0.077,0.010863313766862547,1,Rxra
4.611983894500403e-5,0.19587460164191905,0.176,0.157,0.022137522693601936,1,Bckdha
6.130374983994891e-5,0.15808698897688034,0.287,0.267,0.02942579992317548,1,Hmgcl
8.361033477121054e-5,0.10635708942485866,0.221,0.201,0.04013296069018106,1,B3galt5
9.527399011409742e-5,0.23466713214448642,0.057,0.046,0.045731515254766764,1,Syt6
1.31349221325135e-4,0.4481509585378052,0.032,0.024,0.0630476262360648,1,Mrc1
2.423954782631043e-4,0.17925198714700058,0.474,0.462,0.11634982956629006,1,Pgm1
3.196304255779328e-4,0.6353982566687222,0.03,0.023,0.15342260427740775,1,Ccl5
6.471377870174863e-4,0.6552156086077634,0.013,0.009,0.31062613776839343,1,Ido1
0.0010309994095810218,0.11417730847174051,0.403,0.386,0.49487971659889046,1,Lpin1
0.002203824881341896,0.2948386967772665,0.038,0.031,1,1,Cr2
0.003158672579634709,0.22677547020148303,0.072,0.063,1,1,Ppara
0.005721999507883184,0.1278226246584836,0.236,0.223,1,1,Hibadh
0,2.8358594485916893,0.896,0.348,0,2,Opcml
0,2.728172710791122,0.752,0.217,0,2,Grin2b
0,2.737091661403978,0.746,0.218,0,2,Grin2a
0,2.6258772587409513,0.649,0.183,0,2,Dgat2
0,2.7098566609023687,0.615,0.158,0,2,Cnr1
0,1.9932758471458152,0.811,0.381,0,2,Pfkp
0,2.3780958473677023,0.748,0.328,0,2,Hmgcr
0,2.324560904752965,0.91,0.497,0,2,Fdft1
0,3.6864434056167923,0.5,0.106,0,2,Lamp5
0,2.7749731574510257,0.503,0.132,0,2,Egr1
0,1.5880107383655218,0.568,0.211,0,2,Tnr
0,1.6742314149620494,0.799,0.463,0,2,Msmo1
0,1.5379395734056238,0.826,0.511,0,2,Hmgcs1
0,1.230930124469229,0.771,0.476,0,2,Pdhb
0,1.6207214307733,0.957,0.662,0,2,Got1
0,1.223728983424699,0.777,0.491,0,2,Smpd1
0,2.2204707419770764,0.968,0.687,0,2,Chst1
0,1.4011295203119634,0.549,0.269,0,2,Hs2st1
0,1.606802149136125,0.967,0.7,0,2,Got2
0,1.0345596091751192,0.865,0.615,0,2,Pfkm
0,1.4678831759053872,0.477,0.229,0,2,Fut9
0,1.1547878239793294,0.856,0.61,0,2,Lpgat1
0,1.5998451504444415,0.394,0.157,0,2,Bace1
0,1.0108613716201866,0.698,0.461,0,2,Adss
0,2.8041987469485172,0.987,0.752,0,2,Slc17a7
0,1.0081810495667338,0.812,0.578,0,2,Fasn
0,2.5961779739601285,0.31,0.077,0,2,Fezf2
0,1.2634583405690956,0.915,0.687,0,2,Pdha1
0,1.0160982501952993,0.834,0.608,0,2,Dld
0,1.7774794830989051,0.476,0.253,0,2,Calb1
0,1.1124102254829442,0.884,0.665,0,2,Tecr
0,1.3939349831731394,0.889,0.68,0,2,Sorl1
0,1.0589824320095136,0.891,0.687,0,2,Srebf2
0,0.9577503989387239,0.796,0.601,0,2,Pfkl
0,1.5580561632985255,0.981,0.788,0,2,Hk1
0,1.0892489173699238,0.911,0.727,0,2,Etnk1
0,1.3940491430886364,0.964,0.786,0,2,Mdh2
0,1.1018201473290419,0.905,0.731,0,2,Acsl4
0,0.8847921555253444,0.898,0.746,0,2,Ndufs1
0,0.8103638536568292,0.889,0.74,0,2,Ptges3
0,2.2182485758056187,0.998,0.881,0,2,App
0,1.0294632163930144,0.964,0.848,0,2,Tmx4
0,0.7843311045354711,0.924,0.815,0,2,Sdhb
0,1.1118217332261566,0.973,0.871,0,2,Ldha
0,1.4737059614302805,0.985,0.891,0,2,Gls
0,0.9426462332213603,0.994,0.909,0,2,Ids
0,0.9726675263749431,0.986,0.913,0,2,Cs
0,2.195781737825116,1,0.937,0,2,Snap25
0,1.4126241008613616,0.998,0.94,0,2,Mdh1
0,1.214849756085131,0.998,0.957,0,2,Pgam1
0,0.8058783876213824,0.993,0.958,0,2,Uqcrc1
0,0.6993744169812155,0.997,0.983,0,2,Sdha
0,0.9209081448247245,1,0.997,0,2,Pkm
3.1523050853511644e-302,0.67257012422463,0.935,0.853,1.513106440968559e-299,2,Ogdh
5.855674526847242e-298,0.35525215633099627,1,1,2.8107237728866763e-295,2,Psap
4.678963861306488e-269,0.7792568964974396,0.805,0.607,2.245902653427114e-266,2,Tubb2b
1.245914517057328e-267,0.7164911771246498,0.851,0.707,5.980389681875174e-265,2,Ndufv2
3.918620503540327e-266,1.0538622211311404,0.521,0.295,1.8809378416993568e-263,2,Gpat4
2.3062709470225163e-258,0.8781892992460275,0.701,0.492,1.1070100545708078e-255,2,Auh
2.531152438923943e-258,0.8672142726246254,0.736,0.546,1.2149531706834927e-255,2,Dpm1
1.7892458464490987e-249,0.6847443816945957,0.858,0.719,8.588380062955674e-247,2,B3gat3
5.029461288424777e-249,1.2043154275706711,0.413,0.211,2.414141418443893e-246,2,Cbr1
5.319967737377242e-249,0.7458452631219423,0.809,0.646,2.553584513941076e-246,2,Acat1
7.515155430642951e-241,0.3578679604169146,1,1,3.6072746067086163e-238,2,Gapdh
8.333411926124309e-240,0.8785692742499401,0.586,0.363,4.000037724539668e-237,2,Pmm1
2.1900681606531765e-237,1.0273701350335336,0.591,0.386,1.0512327171135247e-234,2,Chka
6.257423667274532e-235,0.979806833721035,0.555,0.344,3.0035633602917754e-232,2,Sc5d
7.626462095493873e-233,2.278509060278974,0.335,0.162,3.6607018058370592e-230,2,Lypd1
1.8447358609887692e-230,0.654677965068327,0.883,0.781,8.854732132746092e-228,2,Rpn1
2.0813408585307196e-223,1.1017753611448042,0.406,0.213,9.990436120947453e-221,2,Acss2
1.8304338695761058e-215,0.821648939832271,0.636,0.433,8.786082573965307e-213,2,Gmps
3.987858076452855e-204,1.9676081947880801,0.136,0.037,1.91417187669737e-201,2,Dcx
5.887368387409842e-190,0.9102182099505215,0.619,0.431,2.8259368259567244e-187,2,Bhlhe40
5.204093389188903e-175,0.6926183637020729,0.717,0.556,2.4979648268106734e-172,2,Jund
4.3085005870221674e-167,1.470105011100131,0.257,0.121,2.0680802817706402e-164,2,Htr2c
6.846205737201208e-165,0.40426103221054577,0.975,0.944,3.28617875385658e-162,2,Bin1
5.744293183337845e-146,0.7622229943655958,0.538,0.369,2.7572607280021655e-143,2,Fut8
2.089942043365954e-142,0.3611424155443337,0.993,0.98,1.003172180815658e-139,2,Oxct1
1.1267346393867085e-139,0.601209301479089,0.68,0.52,5.408326269056201e-137,2,Rxrb
3.4486549716989175e-130,0.46586289476749054,0.9,0.841,1.6553543864154804e-127,2,Man2a2
1.2970850399689364e-129,0.6996625263949228,0.512,0.347,6.226008191850895e-127,2,Gclc
9.032958182995274e-128,0.8968525541232579,0.44,0.291,4.335819927837732e-125,2,Cux2
1.154001121271181e-127,0.4372979587935981,0.902,0.838,5.539205382101669e-125,2,Acta2
5.0265050383145e-127,0.6976232589596046,0.45,0.29,2.41272241839096e-124,2,Ogdhl
1.1511444121757284e-125,0.7333572348292406,0.52,0.362,5.5254931784434966e-123,2,Neu1
1.651894842413402e-125,0.7774451036278925,0.428,0.277,7.929095243584329e-123,2,Pomgnt1
5.0875469042933615e-123,0.3988816821238399,0.939,0.889,2.4420225140608136e-120,2,Adam10
4.7234798290020143e-122,1.8689592401908448,0.118,0.041,2.2672703179209668e-119,2,Otof
1.1294829742191943e-113,0.6437651752591982,0.533,0.384,5.4215182762521325e-111,2,Pank3
1.6508218701567568e-113,0.48186072036031624,0.709,0.562,7.923944976752432e-111,2,Gclm
2.4636315644605296e-111,0.4486276444180324,0.905,0.865,1.1825431509410542e-108,2,Acly
3.1209660054866897e-108,1.6794364671488216,0.122,0.047,1.498063682633611e-105,2,Car12
1.032167325085456e-102,0.5544073694042907,0.628,0.489,4.95440316041019e-100,2,Slc33a1
4.608284595138871e-100,0.7513519759302781,0.365,0.233,2.211976605666658e-97,2,Nt5c
4.5776864603080896e-98,0.5283165520047074,0.657,0.526,2.197289500947883e-95,2,Gaa
1.5774170869726642e-97,0.39314736908815773,0.841,0.74,7.571602017468787e-95,2,Dlat
2.263079622892416e-97,0.8495949262567677,0.303,0.183,1.0862782189883597e-94,2,Acsl1
2.20172656208491e-95,1.8711054034467018,0.078,0.024,1.0568287498007567e-92,2,Fosb
4.056589707963168e-90,0.8542951412061209,0.283,0.171,1.9471630598223207e-87,2,Pla2g12a
6.09590228532859e-88,0.8293898634930147,0.283,0.172,2.926033096957723e-85,2,Gsr
4.4045460752990516e-85,0.45412767693985723,0.771,0.672,2.1141821161435448e-82,2,Me1
1.9193546463596308e-83,0.49547870266408467,0.489,0.352,9.212902302526227e-81,2,Pcx
2.736608687512584e-81,1.176212243100378,0.126,0.057,1.3135721700060401e-78,2,Junb
6.504033136586688e-79,0.36905891637015187,0.747,0.626,3.12193590556161e-76,2,Abhd17a
3.243225398963498e-76,0.5828120450292038,0.478,0.357,1.556748191502479e-73,2,Kdsr
4.8325493373960146e-73,0.36887615132864715,0.856,0.8,2.319623681950087e-70,2,Comt
1.6051005094945808e-71,0.4428682544976197,0.575,0.449,7.704482445573988e-69,2,Sdhc
6.512129210658574e-69,0.6181197473735571,0.345,0.236,3.125822021116116e-66,2,Cox14
9.122276472169062e-66,1.4696992359910594,0.093,0.04,4.37869270664115e-63,2,Syt6
1.2649279978303649e-64,0.5818541980446077,0.382,0.273,6.071654389585751e-62,2,Impdh2
4.0040202101848515e-64,0.3571564885445384,0.545,0.421,1.9219297008887286e-61,2,Adcy5
1.7836899859284294e-63,1.5274059982113348,0.07,0.026,8.561711932456461e-61,2,Pparg
3.8039192421859314e-63,0.16636066426629093,1,1,1.825881236249247e-60,2,Ubc
1.7871194346244975e-61,1.3346603427121226,0.078,0.031,8.578173286197588e-59,2,Vldlr
5.17416041479836e-53,0.5519608894185725,0.346,0.251,2.4835969991032127e-50,2,Acad8
2.5753661999549685e-52,1.1057038695033092,0.205,0.13,1.236175775978385e-49,2,Reln
6.382602907084355e-52,0.3121573244476834,0.828,0.783,3.0636493954004903e-49,2,Dlst
6.876638571196856e-50,0.4207942293476341,0.683,0.607,3.300786514174491e-47,2,Idh1
3.056521765376595e-47,0.22830605385798053,0.633,0.514,1.4671304473807655e-44,2,Acsl6
6.179119628331756e-46,0.4550737161657313,0.417,0.322,2.965977421599243e-43,2,Ptdss1
2.0185707481542244e-43,0.48749571443034595,0.377,0.289,9.689139591140277e-41,2,Ext2
2.942878237489613e-39,0.6414003318755839,0.174,0.112,1.4125815539950142e-36,2,Ldlr
2.7432083832418977e-36,0.651934352610121,0.276,0.206,1.316740023956111e-33,2,Stard8
9.032681179052576e-36,0.3413759680833729,0.657,0.586,4.3356869659452366e-33,2,Ctps2
1.1484691263696422e-33,0.20651402256650142,0.92,0.901,5.512651806574283e-31,2,Tkt
3.876299224743418e-30,0.6530347443346127,0.146,0.096,1.8606236278768405e-27,2,Ppat
1.1676358427021526e-29,1.3919107332286411,0.046,0.02,5.604652044970332e-27,2,Vip
4.214313948622527e-29,0.5462044073271393,0.17,0.116,2.022870695338813e-26,2,Polr1a
5.870979890929375e-29,0.28479052262183246,0.437,0.355,2.8180703476461e-26,2,St3gal2
6.634153059463727e-29,1.8978720014070625,0.019,0.005,3.184393468542589e-26,2,Csgalnact1
3.1024317497616997e-27,0.6188312315886886,0.145,0.097,1.4891672398856158e-24,2,Hilpda
3.53325286419413e-27,0.2093535472445736,0.52,0.434,1.6959613748131825e-24,2,Bpgm
1.7952844620388218e-25,1.1875786539000242,0.049,0.024,8.617365417786345e-23,2,Fos
6.944162087158347e-23,0.2452336568232631,0.44,0.366,3.333197801836006e-20,2,G6pc3
1.9397731147874598e-20,0.19863083044153806,0.843,0.826,9.310910950979807e-18,2,Extl3
3.569968503034899e-19,0.187414114980853,0.493,0.421,1.7135848814567515e-16,2,Odc1
6.372802144876424e-19,0.8758055125516071,0.099,0.067,3.058945029540684e-16,2,Rspo1
1.2347807594364881e-18,1.193856301510778,0.036,0.018,5.926947645295143e-16,2,Crh
4.7396976282022484e-18,0.7895996298349335,0.102,0.07,2.2750548615370794e-15,2,Pou3f1
4.8463793092192824e-18,0.6779363910085521,0.089,0.059,2.3262620684252554e-15,2,Dpyd
9.74814261624031e-18,0.4588294907455437,0.16,0.119,4.679108455795349e-15,2,Jun
9.877412406424495e-18,0.8198411667980405,0.056,0.033,4.7411579550837576e-15,2,Tcap
1.833644396978535e-17,0.282118595348156,0.301,0.246,8.801493105496968e-15,2,Alg5
2.1036825136876273e-17,0.540845311486172,0.125,0.089,1.0097676065700611e-14,2,Hkdc1
3.953666796020841e-17,0.983200848091442,0.033,0.017,1.8977600620900038e-14,2,Trh
4.042026819362014e-15,0.3909394371088162,0.162,0.124,1.9401728732937666e-12,2,Cox10
8.33031554668529e-15,0.2327975045281766,0.34,0.287,3.998551462408939e-12,2,Sphk2
1.60175236157727e-13,0.17569705077609,0.494,0.436,7.688411335570896e-11,2,Lta4h
2.342687903688197e-13,0.3822160323090993,0.132,0.1,1.1244901937703347e-10,2,St6galnac3
8.984773109173746e-13,0.1936570472925868,0.415,0.361,4.312691092403398e-10,2,Prps2
1.7552271861970374e-12,0.41832310351311475,0.133,0.101,8.42509049374578e-10,2,Dgat1
1.1462570489972938e-10,0.2901233128160803,0.209,0.174,5.50203383518701e-8,2,Tox2
1.234003333012806e-10,1.1410302063158841,0.016,0.008,5.923215998461469e-8,2,Mmp9
2.636675349004281e-10,1.088888044864233,0.019,0.01,1.2656041675220548e-7,2,Oprk1
8.667877765572679e-10,0.3067371041389291,0.152,0.122,4.1605813274748856e-7,2,Dad1
4.626821885027329e-9,0.16748220092644706,0.341,0.3,2.2208745048131178e-06,2,Pycr2
5.359798567767693e-9,0.11894760163297508,0.388,0.342,2.5727033125284928e-6,2,St6galnac4
9.728374852402995e-8,0.23337637632235864,0.236,0.205,4.669619929153438e-5,2,Ebp
1.6818505117778705e-7,0.12465779352115212,0.396,0.356,8.072882456533778e-5,2,Hsd17b12
3.010523686107229e-7,0.14878298621147645,0.26,0.227,1.44505136933147e-4,2,Il1a
1.6251740199106434e-6,0.5091490792853226,0.045,0.032,7.800835295571089e-4,2,Adamts2
2.3235918740930905e-5,0.12798661460890692,0.261,0.234,0.011153240995646834,2,Abca7
1.676006544018603e-4,0.6476196276069954,0.015,0.009,0.08044831411289294,2,Plpp4
2.798293854170834e-4,0.16508823723544785,0.162,0.143,0.13431810500020003,2,Shmt2
0.0018163753371941485,0.17420072581206902,0.215,0.197,0.8718601618531913,2,Pgm2
0.003159657937307912,0.24296752226052476,0.069,0.058,1,2,H2az1
0,3.1491747182939074,0.609,0.159,0,3,Plcb4
0,3.5111337495901145,0.581,0.133,0,3,Slc17a6
0,1.766288711262892,0.458,0.168,0,3,Agt
0,1.9910675302449727,0.687,0.438,0,3,Serpina3n
0,1.0488968587424148,0.872,0.686,0,3,Got1
0,2.4312818292812084,0.198,0.041,0,3,Tunar
0,1.497441425101905,0.954,0.82,0,3,Atp1b2
0,1.0452952353911629,0.99,0.944,0,3,Mdh1
0,0.9151921983974498,0.999,0.992,0,3,Ldhb
1.8840205992e-313,0.5989653215647808,0.989,0.941,9.0432988762674e-311,3,Snap25
5.025170530396217e-288,0.6954833783867271,0.988,0.96,2.412081854590184e-285,3,Uqcrc1
1.157138117789086e-283,2.255098752922201,0.236,0.071,5.554262965387612e-281,3,Pvalb
2.746722533456491e-261,0.8641229863978639,0.742,0.503,1.3184268160591156e-258,3,Acsl6
7.558253109215002e-240,1.2861222132675971,0.769,0.595,3.627961492423201e-237,3,Aqp4
5.882311819639667e-239,0.8957798034691837,0.857,0.726,2.8235096734270404e-236,3,Got2
5.968498241764572e-237,1.4641905535560729,0.353,0.155,2.864879156046994e-234,3,Tox2
1.288904080649497e-231,0.5823638208958024,0.988,0.96,6.186739587117585e-229,3,Pgam1
2.910837280013626e-215,0.5335408033255873,0.863,0.696,1.3972018944065404e-212,3,Slc32a1
1.3709121287272134e-212,0.530198016680393,0.994,0.978,6.580378217890624e-210,3,Ckb
3.365808304625022e-211,0.7168958345272287,0.818,0.632,1.6155879862200105e-208,3,Pfkm
8.293557575043678e-203,0.3965749548812241,1,0.998,3.9809076360209655e-200,3,Pkm
4.003662270446592e-192,1.0184657105955006,0.496,0.29,1.921757889814364e-189,3,Ogdhl
8.190268276591489e-190,0.4318447531505072,0.982,0.923,3.931328772763915e-187,3,Mbp
7.686107758978522e-172,0.4671704784442654,0.994,0.984,3.68933172430969e-169,3,Sdha
2.639748277990796e-162,1.3306136180660018,0.317,0.156,1.267079173435582e-159,3,Rorb
2.7200671888814295e-160,0.8807118132276628,0.542,0.35,1.3056322506630862e-157,3,Pcx
1.5770825797701304e-158,0.6216487229309808,0.864,0.757,7.569996382896626e-156,3,Ndufs1
1.023949424147902e-156,0.5470005239284992,0.867,0.741,4.91495723590993e-154,3,Dlat
1.6776777213573092e-156,0.504692353284617,0.938,0.856,8.052853062515085e-154,3,Ogdh
2.543179337712922e-135,0.5105042144142127,0.985,0.955,1.2207260821022025e-132,3,Aldoc
2.186832717895565e-133,0.6389057698286056,0.398,0.227,1.0496797045898712e-130,3,Gpnmb
1.1838412335396727e-130,0.70935194304058,0.666,0.503,5.682437920990429e-128,3,Pdhb
9.565316054939648e-125,0.7418946611725822,0.608,0.444,4.591351706371031e-122,3,Pgm1
1.393291549407174e-124,0.5530197029317978,0.798,0.672,6.687799437154436e-122,3,Me1
8.82641942943341e-124,0.37862679522860665,0.948,0.876,4.236681326128036e-121,3,Fabp5
9.906668089884021e-124,0.5990234151486953,0.752,0.593,4.755200683144331e-121,3,Pla2g7
3.9898392059657492e-115,0.4922676392017846,0.828,0.708,1.9151228188635597e-112,3,Pdha1
4.709022135383875e-110,0.642522593703292,0.624,0.459,2.26033062498426e-107,3,Timp3
1.0675515376674101e-109,1.4505364979091067,0.249,0.128,5.1242473808035683e-107,3,Htr2c
7.169832995314029e-107,0.45287357701302833,0.888,0.803,3.441519837750734e-104,3,Mdh2
1.8816471387321117e-102,0.7145446104092347,0.402,0.249,9.031906265914136e-100,3,Fut9
6.713346767430736e-101,0.5649181931879803,0.764,0.659,3.2224064483667534e-98,3,Acat1
1.4937729706971048e-99,0.6588871033474959,0.34,0.198,7.170110259346103e-97,3,Tshz2
1.7071244170952183e-99,0.6111758229882427,0.599,0.442,8.194197202057048e-97,3,Bhlhe40
4.835637649892957e-95,0.36791616320739884,0.947,0.9,2.321106071948619e-92,3,Gls
8.318325107051356e-87,0.21514356595155348,1,1,3.992796051384651e-84,3,Gapdh
1.0945440484107299e-84,0.31778605082860745,0.958,0.92,5.2538114323715035e-82,3,Cs
1.148545259410549e-84,0.5382839430933325,0.429,0.283,5.513017245170635e-82,3,Grin2b
4.475808951658555e-84,0.3692384518859866,0.57,0.415,2.1483882967961065e-81,3,Opcml
5.073618911893047e-78,0.9065049147098821,0.401,0.273,2.4353370777086627e-75,3,Calb1
3.0776953495580008e-74,0.5858077988056308,0.548,0.417,1.4772937677878404e-71,3,Odc1
1.6640403070307964e-71,2.158754837363276,0.187,0.101,7.987393473747822e-69,3,Calb2
5.635956755848868e-69,0.38544311389649,0.816,0.731,2.705259242807457e-66,3,B3gat3
3.846391413882766e-67,0.4251597890357184,0.813,0.748,1.8462678786637276e-64,3,Etnk1
8.896248563291258e-67,0.4328921962668846,0.731,0.631,4.270199310379804e-64,3,Dld
3.666373494578965e-64,0.2674399014633422,0.991,0.981,1.759859277397903e-61,3,Oxct1
1.2005872453934006e-63,0.42339728998701676,0.563,0.432,5.762818777888323e-61,3,Bpgm
3.1595534115483196e-57,0.29070308544237555,0.568,0.431,1.5165856375431935e-54,3,Pfkp
5.493972429185963e-56,0.4153824150767441,0.676,0.572,2.6371067660092623e-53,3,Gclm
9.201169533266032e-56,0.3649414744135613,0.843,0.783,4.416561375967696e-53,3,Dlst
4.588736014494159e-54,0.3849266584168891,0.577,0.463,2.202593286957196e-51,3,Gja1
5.067770601395608e-54,0.3455132308433879,0.74,0.635,2.432529888669892e-51,3,Lpgat1
6.284196399300018e-53,0.4445695676414355,0.567,0.455,3.016414271664009e-50,3,Sdhc
1.567519978679823e-50,0.6131342993148443,0.332,0.231,7.524095897663151e-48,3,Acss2
2.251778320027939e-50,0.4599621334613634,0.53,0.419,1.0808535936134106e-47,3,Chst11
8.145412689396718e-50,0.45811153178500785,0.562,0.452,3.909798090910425e-47,3,Gmps
1.6449593257506158e-49,0.4440875193483692,0.611,0.512,7.895804763602956e-47,3,Auh
1.9393109103248953e-49,1.5350847598363446,0.2,0.127,9.308692369559498e-47,3,Gad1
1.6436330123944742e-46,0.780649165223023,0.192,0.116,7.889438459493476e-44,3,Slc7a10
1.463884540925839e-44,0.36237231426318095,0.756,0.692,7.026645796444027e-42,3,Tecr
2.2284065966920237e-39,0.2595751095265679,0.866,0.827,1.0696351664121714e-36,3,Sdhb
1.444566862546359e-36,0.2150169748594335,0.889,0.847,6.933920940222523e-34,3,Pygb
5.855021031155104e-34,0.3037190087399033,0.809,0.747,2.81041009495445e-31,3,Hadhb
3.625732633833904e-33,0.5048550752609343,0.289,0.21,1.740351664240274e-30,3,G6pd2
6.391497792469421e-32,0.3283296656521564,0.479,0.386,3.067918940385322e-29,3,Pmm1
9.565648070702308e-32,0.37525600809608456,0.439,0.351,4.591511073937108e-29,3,Hsd17b12
1.1293549834795847e-31,0.38416982336132266,0.762,0.715,5.420903920702006e-29,3,Fads2
1.5630465370377934e-31,0.34678515118151054,0.473,0.381,7.502623377781408e-29,3,Aldh1l1
8.727545273595903e-31,0.21739806693849228,0.997,0.995,4.189221731326033e-28,3,Cpe
2.1402677767111493e-29,0.37804291285301583,0.545,0.467,1.0273285328213516e-26,3,Srebf1
3.460069011581672e-29,1.6803851163572792,0.095,0.054,1.6608331255592026e-26,3,Lhx6
2.2238927739538725e-28,0.2638824065401383,0.263,0.187,1.0674685314978589e-25,3,Ch25h
3.6759776877198546e-28,0.11058276504632103,0.38,0.29,1.76446929010553e-25,3,Grin2a
5.274142643103449e-27,0.542731485612053,0.273,0.205,2.5315884686896556e-24,3,Ppard
1.441736763280996e-26,0.3213261700726471,0.885,0.864,6.92033646374878e-24,3,Tmx4
2.6666778091483587e-25,0.27624314480324874,0.608,0.531,1.2800053483912123e-22,3,Aldh7a1
5.524388343210196e-25,0.23794055852169305,0.608,0.525,2.651706404740894e-22,3,Smpd1
4.878237797109427e-24,0.3314436889192848,0.608,0.539,2.341554142612525e-21,3,Hacd2
1.7519585977080277e-23,0.4442977195173595,0.297,0.23,8.409401268998533e-21,3,Abca7
8.405776900314097e-23,0.19229738670492846,0.992,0.991,4.0347729121507667e-20,3,Clu
1.0021478324525085e-21,0.3113552960397841,0.399,0.328,4.810309595772041e-19,3,Ptdss1
1.2451665228025073e-21,0.3214813214899703,0.441,0.369,5.976799309452035e-19,3,G6pc3
1.7902721435640546e-21,0.240724435001608,0.769,0.724,8.593306289107463e-19,3,Ndufv2
4.63201329294819e-21,0.20343730182480557,0.434,0.358,2.2233663806151313e-18,3,Htra1
9.74800050907209e-21,0.3538318889370651,0.388,0.322,4.6790402443546035e-18,3,Gpat4
1.3234431877036126e-20,0.3174531976388596,0.437,0.367,6.3525273009773404e-18,3,rs7412-WT-226
3.4669556182528024e-20,0.3568798568016496,0.299,0.235,1.664138696761345e-17,3,Cbr1
2.5497213503793225e-19,0.42118221193524863,0.588,0.541,1.223866248182075e-16,3,Gaa
9.151499440068373e-18,0.6209090374281989,0.105,0.069,4.392719731232819e-15,3,Hsd11b1
3.4671580598376046e-17,1.508158174284692,0.064,0.037,1.66423586872205e-14,3,Nts
7.572124932156521e-16,0.13936156917524078,0.817,0.792,3.63461996743513e-13,3,Mt2
9.444229529216632e-16,0.4332542752240627,0.17,0.126,4.5332301740239834e-13,3,Rapgef3
1.5073426318962888e-15,1.8218615092775086,0.089,0.059,7.235244633102186e-13,3,Sst
6.6487912701365395e-15,0.22988986107326836,0.45,0.387,3.191419809665539e-12,3,Fut8
9.617940079535447e-15,0.35817711353491855,0.097,0.065,4.616611238177015e-12,3,Apoc4
1.2453537869497622e-14,0.4308169444758705,0.113,0.078,5.977698177358859e-12,3,Col1a2
1.4378752765895e-14,0.21786003199758708,0.548,0.491,6.901801327629601e-12,3,Adss
5.143941065278659e-14,0.3362139196533478,0.231,0.183,2.469091711333756e-11,3,Pla2g12a
5.1545617156472276e-14,0.23685124283058134,0.555,0.505,2.474189623510669e-11,3,Slc33a1
8.358558772170357e-14,0.12853294156680062,0.64,0.572,4.0121082106417714e-11,3,Cstb
8.732189817854744e-14,0.25284505501859433,0.238,0.188,4.1914511125702773e-11,3,Bace1
1.3135935526550706e-13,0.3724474975223393,0.187,0.144,6.305249052744339e-11,3,rs429358-ALT-228:C
3.0899563458498907e-13,0.10322301109449361,0.554,0.489,1.4831790460079476e-10,3,Csf1
5.039821529908922e-13,0.30167441302708786,0.268,0.22,2.4191143343562825e-10,3,Hibadh
1.804113637126917e-12,1.7466348790596617,0.013,0.004,8.659745458209202e-10,3,Pthlh
6.13811183932329e-12,0.3880620002144002,0.186,0.146,2.946293682875179e-9,3,Maob
6.810603189346491e-11,0.16467702585681504,0.278,0.231,3.2690895308863154e-8,3,Pdcd1
1.2366148525567668e-10,0.15007223439410788,0.85,0.826,5.935751292272481e-8,3,Extl3
1.4293730029154815e-10,0.13211306426987868,0.815,0.78,6.860990413994312e-8,3,Cerk
1.5250030597302006e-10,0.9168347748861296,0.035,0.02,7.320014686704963e-8,3,Wif1
4.693821485915297e-10,0.23220875676089536,0.298,0.255,2.2530343132393427e-7,3,Bcl2
8.890476219190433e-10,0.29178752871546865,0.325,0.283,4.267428585211408e-7,3,Mt1
2.0654308106328007e-9,0.20278555172322582,0.386,0.34,9.914067891037443e-7,3,Aldh9a1
2.606373174174024e-9,0.12837705379737985,0.726,0.695,1.2510591236035315e-6,3,Aldh2
2.640201156669632e-9,0.9157410926648295,0.168,0.138,1.2672965552014234e-6,3,Reln
8.278957537073074e-9,0.39276284243039306,0.157,0.126,3.973899617795076e-6,3,Cox10
1.1589760227862635e-8,0.7656423588645476,0.065,0.046,5.563084909374065e-6,3,Sncg
1.4076760884438955e-8,0.23360650442925512,0.3,0.261,6.756845224530698e-6,3,Acad8
3.527768296905634e-8,0.13237580412564887,0.428,0.382,1.6933287825147043e-5,3,Neu1
2.102678504247135e-7,0.11591199139320008,0.776,0.756,1.0092856820386248e-4,3,Acsl4
2.497883973249727e-7,0.17061036494923737,0.365,0.326,1.198984307159869e-4,3,Degs1
3.897715660204595e-7,0.5214325894832297,0.052,0.037,1.8709035168982055e-4,3,Vldlr
5.523174217063766e-7,0.1280028262904877,0.41,0.368,2.6511236241906076e-4,3,Gclc
6.274122293499721e-7,0.6037166045875431,0.047,0.033,3.011578700879866e-4,3,Adamts2
7.453635814293216e-6,0.1380661895087311,0.367,0.331,0.0035777451908607437,3,Coasy
1.2635967447559489e-5,0.22120627997055609,0.279,0.25,0.006065264374828554,3,Nt5c
1.657948377835395e-5,1.3355891038318162,0.027,0.018,0.007958152213609897,3,Trh
1.8560003106527475e-5,1.039856159474613,0.079,0.063,0.008908801491133187,3,Tac1
2.4342206472251865e-5,0.15014622267338018,0.447,0.414,0.011684259106680896,3,Chka
6.844636210783031e-5,0.11481537811998098,0.437,0.403,0.03285425381175855,3,Pank3
8.061157285286388e-5,0.2113209081583629,0.067,0.052,0.03869355496937466,3,Apoc1
0.00010325858291191551,0.17070003885943041,0.211,0.186,0.04956411979771944,3,Gsr
1.3140702163684374e-4,0.2549608372320318,0.123,0.104,0.06307537038568499,3,Dgat1
2.2727299935039556e-4,0.20546259926123112,0.086,0.071,0.10909103968818987,3,Lgals3
3.1850314106146083e-4,0.10701103147930441,0.471,0.442,0.1528815077095012,3,Lta4h
9.048191685447429e-4,0.2551237851797401,0.094,0.079,0.43431320090147657,3,Apoc2
9.537161980311006e-4,0.2910426323561124,0.062,0.05,0.4577837750549283,3,Camp
0.0012643497820844895,0.10239158594634964,0.392,0.367,0.606887895400555,3,Prps2
0.0025414186219594524,0.6139609750932884,0.015,0.01,1,3,Plpp4
0.004426574705421912,0.4564248369116415,0.019,0.014,1,3,Acod1
0.0046021361564212845,0.6384132415450692,0.026,0.02,1,3,Crh
0.008005315652826915,0.30457274168657333,0.058,0.049,1,3,Fas
0.008459583139187177,0.1698600380595825,0.115,0.102,1,3,Ppat
0,5.508831584354295,0.896,0.084,0,4,Mog
0,4.800344199843383,0.945,0.173,0,4,Ermn
0,4.669030863681162,0.926,0.171,0,4,Apod
0,5.2585559710518694,0.99,0.238,0,4,Cldn11
0,4.038176860842855,0.879,0.182,0,4,Pllp
0,4.98021680294417,0.737,0.067,0,4,Mag
0,5.083492236400363,0.629,0.047,0,4,Aspa
0,3.367811432384289,0.696,0.168,0,4,Ptgds
0,3.105752187278206,0.997,0.77,0,4,Gatm
0,1.5530996650282693,1,0.926,0,4,Mbp
1.092693005378279e-296,2.4057489632827505,0.366,0.1,5.244926425815739e-294,4,Folh1
6.804683189334704e-263,2.2941601491188326,0.335,0.092,3.266247930880658e-260,4,St6galnac3
5.093873945464212e-235,1.310769318273344,0.811,0.537,2.445059493822822e-232,4,Taldo1
1.8091791347627952e-221,1.161144837359014,0.89,0.694,8.684059846861416e-219,4,Lap3
2.4672725726715986e-217,1.584328176933898,0.672,0.383,1.1842908348823674e-214,4,Cers2
3.7890880562904616e-212,1.441938876737018,0.709,0.433,1.8187622670194216e-209,4,Bpgm
5.862025399391054e-202,1.8231364932744065,0.458,0.191,2.813772191707706e-199,4,B3galt5
2.417207443245238e-182,2.3983173956823296,0.285,0.088,1.1602595727577143e-179,4,Plin4
2.247869758485547e-177,1.1644846291129176,0.882,0.707,1.0789774840730627e-174,4,Slc32a1
1.0227977744692987e-157,1.1731362722748808,0.679,0.412,4.909429317452634e-155,4,Phgdh
1.6514943918784782e-143,0.6654400216992342,0.995,0.975,7.927173081016696e-141,4,Prdx1
2.879708349771285e-97,0.6116938003030947,0.983,0.947,1.3822600078902168e-94,4,Bin1
2.0090460044371465e-82,0.9965208161288042,0.513,0.323,9.643420821298303e-80,4,Elovl1
1.6344644938270148e-79,0.22982219770899626,0.97,0.895,7.845429570369671e-77,4,App
1.2601399654236944e-74,0.3884984428968181,0.997,0.979,6.048671834033733e-72,4,Glul
1.0311288742594078e-70,0.9045684950911173,0.498,0.321,4.949418596445158e-68,4,Degs1
5.685420482069238e-70,0.6222267432701734,0.834,0.716,2.7290018313932343e-67,4,Rhob
9.26964063419381e-63,0.7470209716864534,0.635,0.468,4.449427504413029e-60,4,Srebf1
2.2548051254308556e-53,0.337670609437966,0.998,0.991,1.0823064602068106e-50,4,Cd81
7.729308026392271e-51,0.27354909849128095,1,1,3.71006785266829e-48,4,Ubc
1.8532713734981244e-44,0.3903264545424139,0.916,0.842,8.895702592790998e-42,4,Tjp1
1.5300905356658732e-43,0.5813324790162304,0.696,0.576,7.344434571196192e-41,4,Abcg1
2.007594943443545e-40,0.3310751621938346,0.653,0.488,9.636455728529015e-38,4,Csf1
8.68116719994604e-40,0.37856426982384184,0.938,0.902,4.166960255974099e-37,4,Tkt
4.308115147459573e-39,0.4755672830388089,0.831,0.752,2.067895270780595e-36,4,Dlat
5.903648309103886e-39,0.8635684446437699,0.333,0.213,2.8337511883698654e-36,4,G6pd2
1.1987927647627806e-28,1.1173556503919344,0.133,0.067,5.754205270861347e-26,4,Plin3
1.1980742774829508e-25,0.6508364106977228,0.368,0.266,5.750756531918164e-23,4,Hmgcl
2.11802411487482e-22,0.39532772245746395,0.618,0.519,1.0166515751399136e-19,4,Auh
1.3013517269971482e-21,0.3694408587076605,0.715,0.628,6.246488289586311e-19,4,Elmo1
1.8999979601399544e-21,0.49290700713797536,0.531,0.441,9.119990208671782e-19,4,Lta4h
2.2104618399528193e-21,0.6273647721800741,0.277,0.19,1.0610216831773534e-18,4,Bace1
2.2935552748758146e-19,1.149640350673153,0.077,0.036,1.100906531940391e-16,4,Vldlr
6.937800446822078e-19,1.146275062264559,0.069,0.031,3.3301442144745973e-16,4,Cd247
4.141642354929578e-18,0.5147363010130318,0.386,0.298,1.9879883303661972e-15,4,Pla2g4a
8.770095739729186e-14,0.2162782497310387,0.856,0.811,4.2096459550700094e-11,4,Echs1
1.1057329462029881e-13,0.573903647706378,0.237,0.172,5.307518141774343e-11,4,Tgfbi
3.2736695235250286e-12,0.33230343181832805,0.458,0.383,1.5713613712920137e-9,4,Acadl
2.8206640636338527e-11,0.971383994775854,0.065,0.036,1.3539187505442493e-8,4,Tdo2
7.56285759262612e-11,0.1469070385054453,0.485,0.407,3.6301716444605376e-8,4,Slc2a1
1.7117184241587444e-10,0.48802932529781295,0.179,0.128,8.216248435961974e-8,4,Rapgef3
1.898910395620165e-10,0.17138175364248465,0.711,0.645,9.114769898976792e-8,4,Lpgat1
4.5389034564590555e-9,0.7249016875310348,0.082,0.051,2.1786736591003466e-6,4,Cpt1b
6.087971061226192e-9,0.6613307654519369,0.076,0.047,2.922226109388572e-6,4,Sncg
3.412962291528869e-8,0.12113305586517131,0.807,0.761,1.638221899933857e-5,4,Ptges3
4.303522545874468e-8,0.3752415191731687,0.25,0.199,2.0656908220197447e-5,4,Acsl1
4.5569705809985796e-8,0.3049700976237998,0.362,0.303,2.1873458788793183e-5,4,Pycr2
1.0167670449952392e-7,0.5913844038100811,0.092,0.062,4.880481815977148e-5,4,Dpyd
1.369320508334573e-7,0.1959749714549861,0.631,0.582,6.57273844000595e-5,4,Nr1h2
2.0152215953943986e-7,0.871721882997959,0.393,0.345,9.673063657893113e-5,4,Ttr
2.079893536188708e-7,0.2251189829178187,0.404,0.344,9.983488973705799e-5,4,Cat
2.449690980557131e-7,0.9599871544906557,0.037,0.02,1.1758516706674227e-4,4,Tmem212
2.7110774814219225e-7,0.16163436168857936,0.82,0.78,1.301317191082523e-4,4,Abca1
5.0453567192401e-7,0.2136260451327661,0.446,0.387,2.4217712252352482e-4,4,Lpin1
1.1814126492124302e-6,0.7656227302454433,0.045,0.027,5.670780716219665e-4,4,Fos
1.9515145004799157e-6,0.29468047596785063,0.282,0.235,9.367269602303596e-4,4,Abca7
3.101553787805643e-6,0.32556591495890674,0.152,0.116,0.0014887458181467087,4,Cbs
4.768518507687905e-6,0.6123629210672208,0.074,0.051,0.002288888883690194,4,Camp
5.385640878848426e-6,0.6923304581902845,0.063,0.042,0.002585107621847245,4,Ms4a4b
1.4324497210543024e-5,0.42862059560970733,0.162,0.129,0.006875758661060652,4,Acaa1a
1.5842369151137886e-5,0.4143421483756484,0.164,0.13,0.007604337192546185,4,Aldh3b1
2.1438959215353523e-5,0.6333880150194773,0.052,0.033,0.010290700423369692,4,Adamts2
3.438132907248533e-5,0.6185228190634162,0.049,0.031,0.016503037954792958,4,Clec10a
4.0711315435079184e-5,0.4111485439877951,0.108,0.081,0.019541431408838007,4,Col1a2
4.9568373971036596e-5,0.1391856395958586,0.669,0.637,0.023792819506097566,4,Stt3a
1.798681767199069e-4,0.7677021693594961,0.024,0.014,0.08633672482555531,4,Acod1
2.1565989569858742e-4,0.22156351905854454,0.244,0.208,0.10351674993532196,4,Ebp
4.4330842853449414e-4,0.6903000225574987,0.03,0.019,0.21278804569655718,4,Nkg7
4.839141776934169e-4,0.18772094678493897,0.404,0.368,0.23227880529284012,4,Prps2
4.938037434513627e-4,0.22515445827088254,0.331,0.296,0.2370257968566541,4,Sptlc2
5.965402474205861e-4,0.7382318266087209,0.025,0.015,0.28633931876188135,4,Dnah11
8.624574741695343e-4,0.6866515109519602,0.03,0.019,0.4139795876013765,4,Ccdc153
0.0018559187481540457,0.12990480514370778,0.409,0.374,0.8908409991139419,4,Kdsr
0.0019675836888947778,0.45268926043966573,0.064,0.048,0.9444401706694934,4,Eci1
0.0019855840743189883,0.37191054990985783,0.099,0.079,0.9530803556731144,4,Hspg2
0.004156495230639265,0.37819253194971747,0.048,0.035,1,4,Tnf
0.004625138444799225,0.22900614985125833,0.169,0.145,1,4,Nfkbia
0.004629950033531294,0.17657718861797753,0.373,0.345,1,4,Aldh9a1
0.005062053599762448,0.43665765719906036,0.052,0.039,1,4,Mif
0.006439271666523951,0.35259377283576576,0.083,0.067,1,4,C3
0.006942007665276184,0.12166292804334405,0.399,0.37,1,4,Adh5
0.00695951043277706,0.22845393838470707,0.191,0.168,1,4,Ganc
0.008117519446627449,0.11370962893466796,0.828,0.812,1,4,Lpcat2
0.009288937076609287,0.24616737566855273,0.166,0.145,1,4,Shmt2
0,5.124598350432095,0.749,0.065,0,5,Cldn5
0,3.019840349905078,0.864,0.268,0,5,Flt1
0,2.4488889056517302,0.823,0.39,0,5,Slc2a1
0,4.6366372706264505,0.459,0.053,0,5,Vtn
0,2.9843524966923374,0.481,0.083,0,5,Ocln
0,2.18093710833591,0.744,0.348,0,5,Sgms1
0,4.62080794627462,0.341,0.019,0,5,Cxcl12
0,2.9196119252124872,0.338,0.052,0,5,Bgn
0,3.05161132049401,0.332,0.051,0,5,Klf4
0,3.7923325997308233,0.254,0.022,0,5,Emcn
0,4.018987113254454,0.245,0.025,0,5,Atp13a5
0,3.754250403640323,0.225,0.024,0,5,Mgp
1.9476541865012142e-284,1.1899977374521984,0.966,0.84,9.348740095205829e-282,5,Tjp1
3.403162623431819e-249,1.5210415069139729,0.794,0.463,1.6335180592472733e-246,5,Timp3
1.605762358633848e-201,3.3879303665085425,0.1,0.01,7.707659321442471e-199,5,Kcnj8
1.9938662853036668e-189,1.173779214010879,0.7,0.37,9.5705581694576e-187,5,Ifitm3
3.113241742205839e-175,2.053368419321111,0.257,0.071,1.4943560362588027e-172,5,Hspg2
2.1908905997841877e-162,1.4370432653019785,0.46,0.197,1.0516274878964101e-159,5,Ifitm2
2.401068584222271e-152,0.7996299565022447,0.762,0.447,1.1525129204266901e-149,5,Vim
3.354727468515977e-148,2.183872218190842,0.233,0.068,1.610269184887669e-145,5,Ndnf
2.558065857579082e-121,1.5912030929161616,0.331,0.134,1.2278716116379592e-118,5,Clec2d
8.766583118188648e-119,2.1094627182961605,0.167,0.044,4.207959896730551e-116,5,Fas
6.07440074646358e-104,0.5855054352175131,0.994,0.98,2.915712358302518e-101,5,Glul
6.673576937985591e-89,2.011110517851943,0.207,0.076,3.203316930233084e-86,5,Col1a2
1.1176785871874182e-87,2.6901947486708275,0.097,0.021,5.364857218499608e-85,5,Lum
1.3106233235033383e-69,1.681150500901315,0.232,0.102,6.290991952816024e-67,5,Serpinf1
6.367764808415905e-68,1.228302671576349,0.287,0.139,3.0565271080396346e-65,5,Nfkbia
2.8975825778821307e-67,1.4016933718703906,0.364,0.203,1.3908396373834228e-64,5,Apod
3.294847247474183e-65,0.5736552386076592,0.847,0.729,1.581526678787608e-62,5,St3gal6
1.0030461194935573e-59,0.44362809332174713,0.976,0.95,4.814621373569075e-57,5,P2ry12
1.221793581647475e-54,0.2359244441814117,0.38,0.21,5.86460919190788e-52,5,Pllp
5.488468496768535e-54,1.7439085932101441,0.171,0.072,2.6344648784488968e-51,5,Serping1
2.0225548661993194e-52,0.1428514333426527,0.895,0.776,9.708263357756733e-50,5,Gatm
1.1873673246340664e-50,0.9389678333529398,0.355,0.21,5.699363158243519e-48,5,Stard8
9.941992525857666e-48,0.8546585908516968,0.332,0.192,4.77215641241168e-45,5,Fxyd5
2.24988729707463e-47,1.0023714992287474,0.245,0.125,1.0799459025958224e-44,5,Rapgef3
1.4767180744530377e-44,0.4763130824154378,0.791,0.675,7.08824675737458e-42,5,Tmem119
1.688719384262451e-44,0.4491370654677951,0.844,0.744,8.105853044459765e-42,5,Maf
1.7256351900452048e-41,2.398143413390825,0.074,0.023,8.283048912216983e-39,5,Tagln
3.864905644712292e-41,1.6236523480347507,0.086,0.029,1.8551547094619002e-38,5,Ifitm1
3.0429062799939022e-40,0.5919490319656763,0.526,0.373,1.4605950143970732e-37,5,Pnp
1.543958348957298e-37,0.3845618071815551,0.887,0.809,7.41100007499503e-35,5,Lpcat2
3.851873287178586e-36,1.9987658284676408,0.072,0.023,1.8488991778457213e-33,5,Mrc1
2.9226066137963565e-32,0.9942099374386202,0.188,0.1,1.4028511746222512e-29,5,St6galnac3
1.4687718522451305e-31,0.32376801438771086,0.845,0.749,7.050104890776627e-29,5,Gstm1
2.4955935410638383e-31,0.5047855424712175,0.515,0.381,1.1978848997106424e-28,5,Acadl
4.1100171202356876e-31,2.401914133714251,0.289,0.192,1.97280821771313e-28,5,Ptgds
5.33615519495032e-31,0.4766890669254329,0.698,0.584,2.561354493576154e-28,5,Siglech
6.334574166447596e-31,0.4144763582548552,0.882,0.79,3.0405955998948457e-28,5,Mt2
4.2931429384080703e-29,0.28253383339141047,0.907,0.847,2.0607086104358738e-26,5,Ptgs1
1.0626836857809578e-27,0.3639292970106245,0.863,0.827,5.100881691748597e-25,5,Extl3
4.258604054639452e-27,0.6546512142319079,0.325,0.217,2.044129946226937e-24,5,Pnpla2
5.0973459423794754e-27,0.3827732616321584,0.603,0.47,2.446726052342148e-24,5,Gja1
2.7111446594956344e-25,0.17978171696877165,0.978,0.958,1.3013494365579046e-22,5,Aldoc
2.2405479138379176e-24,0.4388393958449195,0.506,0.389,1.0754629986422004e-21,5,Fut8
2.4004122455231372e-24,0.36758259754861866,0.741,0.637,1.1521978778511059e-21,5,Selplg
2.766902306916629e-24,0.22310148881068104,0.962,0.938,1.328113107319982e-21,5,Glud1
5.755623946725736e-23,0.40106564485420915,0.544,0.423,2.762699494428353e-20,5,Idh2
2.2618468980932432e-21,0.4530555257743252,0.342,0.24,1.0856865110847568e-18,5,Hmgb2
4.4197298021530414e-21,0.35175597766902345,0.562,0.447,2.12147030503346e-18,5,Ltc4s
1.5049554448005996e-20,0.16967666288856176,0.997,0.991,7.223786135042877e-18,5,Clu
2.988926946630077e-20,0.9109186421125157,0.108,0.055,1.434684934382437e-17,5,Ifit1
1.7423288215265396e-18,1.7810704471924979,0.029,0.008,8.36317834332739e-16,5,Ly6g
2.3608170880802936e-18,0.32145551400511874,0.712,0.629,1.1331922022785409e-15,5,Elmo1
3.1575831162618563e-18,0.5545280597636262,0.225,0.147,1.515639895805691e-15,5,Maob
3.991065744666044e-18,2.0310367122322486,0.023,0.006,1.9157115574397013e-15,5,Adh1
3.996984558335556e-17,0.25218170354546854,0.782,0.695,1.9185525880010668e-14,5,Aldh2
5.1705743826854535e-17,0.28647384639172435,0.5,0.393,2.4818757036890176e-14,5,Cers2
6.07157897940162e-17,0.7164666261684172,0.167,0.104,2.9143579101127773e-14,5,Lgals1
7.362136051675061e-17,0.42692520309932375,0.392,0.298,3.5338253048040294e-14,5,Pla2g4a
1.418030057492775e-16,1.9692035264000547,0.085,0.044,6.80654427596532e-14,5,Hbb-bs
5.100833121570014e-16,0.20105672241898698,0.468,0.362,2.4483998983536067e-13,5,Htra1
6.594850341340732e-16,0.15379403344556053,0.998,0.992,3.1655281638435514e-13,5,Cx3cr1
1.9972273959639415e-15,0.29100973407481445,0.605,0.507,9.58669150062692e-13,5,Plcg2
2.3876620548386774e-15,0.22225733216890564,0.911,0.896,1.1460777863225652e-12,5,Adam10
1.1522825281011501e-14,0.4373739129812518,0.376,0.294,5.530956134885521e-12,5,Sptlc2
1.2728129797771607e-14,0.2542893821583614,0.783,0.719,6.109502302930371e-12,5,Rhob
1.4028111778598616e-14,0.18657095956216008,0.895,0.837,6.733493653727336e-12,5,C1qb
8.458671713393562e-14,0.26882599303477517,0.749,0.683,4.06016242242891e-11,5,Galnt1
8.756150530152858e-14,0.3054104804720432,0.499,0.408,4.202952254473372e-11,5,B4galt1
1.5590038604196595e-12,0.12092836075539726,0.997,0.995,7.483218530014366e-10,5,Cpe
1.7825218232826402e-12,0.31499438894157616,0.427,0.343,8.556104751756673e-10,5,Cat
1.5283872129668872e-11,0.32961417870142495,0.421,0.342,7.336258622241059e-9,5,Aldh9a1
5.5178592095948704e-11,0.26763722562493636,0.216,0.156,2.6485724206055377e-8,5,Pdgfra
6.828710467650475e-11,0.1715753489803169,0.687,0.609,3.277781024472228e-8,5,Pla2g7
2.7534431736000527e-10,0.12402947635008621,0.966,0.95,1.3216527233280253e-7,5,Tgfbr1
2.7706918507812974e-10,0.31749405641288486,0.285,0.219,1.3299320883750228e-7,5,Icam1
5.513248402289144e-10,0.2551284218123324,0.254,0.19,2.6463592330987896e-7,5,Plpp3
1.1896436033549914e-9,0.22320015564214224,0.601,0.529,5.710289296103959e-7,5,Ophn1
1.403797998365857e-9,0.40854034947194684,0.222,0.166,6.738230392156113e-7,5,Ganc
2.318172767047654e-9,0.17342263574431538,0.84,0.818,1.1127229281828739e-6,5,Numb
5.698644012526418e-9,0.6967414029813983,0.099,0.063,2.7353491260126805e-6,5,Ppara
2.0533712477229392e-8,0.24581331753670943,0.864,0.848,9.856181989070108e-6,5,Acta2
5.3094674676427285e-8,0.1497362537866782,0.786,0.753,2.5485443844685097e-5,5,Hadhb
9.312040513909541e-8,0.1978564222126069,0.566,0.496,4.46977944667658e-5,5,Mt3
1.1044326703196281e-7,0.2895663461077793,0.206,0.157,5.301276817534215e-5,5,Prodh
1.854094628562514e-7,0.43079821306215815,0.171,0.128,8.899654217100067e-5,5,Acaa1a
1.874779934636957e-7,0.24235774752906403,0.286,0.229,8.998943686257393e-5,5,Il1a
2.2066464425786195e-7,0.22435245072392423,0.515,0.457,1.0591902924377374e-4,5,Ppcdc
2.778770479166349e-7,0.30235532507437946,0.486,0.426,1.3338098299998474e-4,5,Vcam1
6.424172326368511e-7,0.20839070881376914,0.453,0.389,3.083602716656885e-4,5,Aldh1l1
6.812844526511731e-7,0.14964185455445533,0.508,0.437,3.270165372725631e-4,5,Adcy5
6.93266839462606e-7,1.5635491569114306,0.014,0.005,3.3276808294205085e-4,5,Osr1
8.95623327808078e-7,0.37719692159544715,0.219,0.174,4.2989919734787743e-4,5,Tgfbi
9.82284557570014e-7,0.20728906548495057,0.484,0.423,4.714965876336068e-4,5,Phgdh
9.952442036642597e-7,0.2254146498555075,0.404,0.347,4.7771721775884465e-4,5,St6galnac4
2.075739256313832e-6,0.2473548920230496,0.385,0.33,9.963548430306393e-4,5,Elovl1
2.49922844383622e-6,1.1981244319011868,0.02,0.009,0.0011996296530413855,5,Dpp4
5.113133712421314e-6,0.30359964326749334,0.243,0.198,0.0024543041819622305,5,Pgm2
5.630494878548091e-6,0.18346995207770775,0.338,0.286,0.002702637541703084,5,Mt1
8.398963274617588e-6,0.5320630353677664,0.07,0.047,0.004031502371816442,5,Sncg
9.52556922744835e-6,0.13459647033305377,0.551,0.489,0.004572273229175208,5,Klf6
1.0769467929696582e-5,0.19542732114473554,0.424,0.369,0.005169344606254359,5,Adh5
1.1987646334681521e-5,0.22685640224417225,0.25,0.204,0.00575407024064713,5,Nlrp3
2.7958592074181602e-5,0.2572646216093797,0.234,0.192,0.01342012419560717,5,Hk3
2.8485694228045794e-5,0.13505027110796464,0.585,0.529,0.013673133229461981,5,Tlr4
3.292435531402668e-5,0.7261547551926886,0.049,0.031,0.015803690550732805,5,Clec10a
3.305745435743725e-5,0.6525196965785747,0.037,0.022,0.01586757809156988,5,Pf4
7.378454358027339e-5,0.10579219524005334,0.817,0.788,0.035416580918531226,5,Mertk
8.055458752228226e-5,0.2601262742451901,0.291,0.25,0.03866620201069549,5,Chsy1
8.979858775680955e-5,0.13823389272840247,0.516,0.466,0.04310332212326859,5,Sdhc
2.215863766547697e-4,0.20069224858307377,0.293,0.253,0.10636146079428946,5,Alg5
2.2636009701131458e-4,0.12842466773077255,0.633,0.582,0.108652846565431,5,Gclm
2.3821922925292235e-4,0.23695186049294836,0.261,0.224,0.11434523004140273,5,Hibadh
2.768275195853354e-4,0.3171877161954004,0.192,0.16,0.132877209400961,5,Bckdha
2.8553778918012006e-4,0.2917998036776863,0.206,0.172,0.13705813880645762,5,Khk
2.894912598171893e-4,2.0313595159492093,0.038,0.024,0.13895580471225086,5,Ccl5
3.2045753516150204e-4,0.1166962456659788,0.58,0.535,0.153819616877521,5,Hk2
3.2776303854030925e-4,0.21159783869064874,0.338,0.299,0.15732625849934845,5,Pomgnt1
3.650964351556612e-4,0.22683266323253481,0.236,0.2,0.17524628887471738,5,Acsl1
3.7196602323454314e-4,0.11169907811573537,0.491,0.443,0.1785436911525807,5,Lta4h
4.3749588817996543e-4,0.3106400237867548,0.144,0.116,0.2099980263263834,5,Cbs
0.00285853939739386,0.20931743927676438,0.241,0.211,1,5,Ppard
0.0033115771896729657,0.15196690908783905,0.284,0.251,1,5,Cox14
0.003924713596371797,0.3869783280617787,0.064,0.048,1,5,Eci1
0.007254456968616155,0.21536416649707935,0.664,0.614,1,5,Aqp4
0,6.828331502762866,0.616,0.043,0,6,Cxcl10
0,4.5402708290635,0.534,0.053,0,6,Ifit1
0,5.0402252408216945,0.33,0.019,0,6,Ccl2
1.2301077498367356e-290,4.7046264584321795,0.631,0.098,5.904517199216331e-288,6,Ccl12
1.7365412377107084e-270,5.099682301201074,0.376,0.036,8.335397941011401e-268,6,Mki67
1.1554586218802679e-201,4.274001827213509,0.724,0.198,5.546201385025286e-199,6,Ifit2
1.3624960570142808e-139,3.139853194963986,0.83,0.381,6.539981073668548e-137,6,Ifitm3
5.4886447607788235e-89,3.240299863665277,0.18,0.023,2.6345494851738352e-86,6,Ccl5
1.0964894536217722e-84,1.5974106524596707,0.972,0.793,5.2631493773845063e-82,6,Lgals3bp
8.978472949009541e-70,2.3296148299884054,0.438,0.141,4.30966701552458e-67,6,Clec2d
1.166297187224281e-65,2.9083814275310713,0.544,0.242,5.598226498676549e-63,6,Hmgb2
3.077610876521789e-39,2.610766247883456,0.157,0.034,1.4772532207304586e-36,6,Tnf
1.4080415976886353e-36,1.1078261717385425,0.822,0.596,6.758599668905449e-34,6,Axl
3.6876848039745425e-35,2.7732558251036092,0.137,0.029,1.7700887059077803e-32,6,Plac8
7.770380633484323e-27,1.6241366084679738,0.402,0.194,3.729782704072475e-24,6,Ch25h
2.2646690321063005e-26,1.9328121014868365,0.186,0.059,1.0870411354110242e-23,6,H2az1
7.84615325458376e-26,2.544593493659689,0.077,0.014,3.7661535622002044e-23,6,Acod1
1.1542272818411665e-25,0.4765182633773115,1,0.996,5.540290952837599e-23,6,Grn
5.636308555553432e-25,0.8516285865141382,0.838,0.703,2.705428106665647e-22,6,Lap3
8.215887730588581e-23,1.1315317300886079,0.436,0.234,3.943626110682519e-20,6,Pdcd1
1.2647423365284138e-18,0.5695618574952519,0.925,0.841,6.070763215336387e-16,6,Aif1
7.545071433314963e-18,1.9622826641423625,0.175,0.067,3.621634287991182e-15,6,C3
2.970006713090208e-16,0.5769937135973768,0.668,0.46,1.4256032222833e-13,6,Vim
2.7088798977821175e-15,1.270674571713696,0.376,0.221,1.3002623509354164e-12,6,Icam1
1.0820326118707621e-14,0.6571854266770711,0.82,0.757,5.1937565369796585e-12,6,Acer3
9.921196474553869e-13,0.8055336119944224,0.356,0.208,4.762174307785857e-10,6,Ifitm2
2.744980154991298e-12,0.5784744926936478,0.876,0.821,1.3175904743958229e-9,6,P4ha1
3.0248983114351754e-12,0.4415878793687589,0.598,0.43,1.4519511894888841e-9,6,Cd74
1.5937860025007842e-11,1.2369861380448326,0.188,0.09,7.650172812003765e-9,6,Cd44
1.3210820645206308e-10,0.7010604551608597,0.472,0.331,6.341193909699028e-8,6,Elovl1
3.363953578471254e-10,0.7897108371277124,0.441,0.301,1.6146977176662018e-7,6,Pla2g4a
4.013081474582896e-10,0.4214127742611051,0.93,0.897,1.92627910779979e-7,6,Ly86
8.305904595405911e-10,0.7359304950567225,0.546,0.427,3.9868342057948376e-7,6,Vcam1
9.426998756919776e-9,0.8180025715973991,0.139,0.065,4.524959403321492e-6,6,Bgn
1.0048829166720401e-8,0.5055424194535351,0.662,0.546,4.823438000025792e-6,6,Hacd2
1.2386645921576687e-8,0.5897228566837431,0.928,0.914,5.94559004235681e-6,6,Gpx1
1.3962664114949891e-8,0.8654149881540815,0.245,0.145,6.702078775175948e-6,6,Shmt2
3.2616204068061564e-7,0.4331004808829272,0.626,0.51,1.565577795266955e-4,6,Plcg2
3.422811346621549e-7,0.9932771249993979,0.139,0.072,1.6429494463783434e-4,6,Lgals3
3.4977511945562e-7,0.3674532473044063,0.827,0.755,1.678920573386976e-4,6,Etnk1
5.111490297561414e-7,0.5153619741065464,0.495,0.379,2.4535153428294784e-4,6,Pnp
6.279018422796821e-7,0.1790934240302926,0.637,0.496,3.013928842942474e-4,6,Csf1
7.470720048262272e-7,0.19085138577923955,0.843,0.781,3.58594562316589e-4,6,Gatm
1.0361454975689917e-6,0.5396861612351482,0.312,0.209,4.97349838833116e-4,6,Ebp
1.0518198970360733e-6,1.5432678816485104,0.064,0.025,5.048735505773152e-4,6,Cd36
1.7923420846473904e-6,0.8855611106928103,0.198,0.121,8.603242006307474e-4,6,Ldlr
1.936803695772525e-6,0.3319144953431721,0.902,0.871,9.296657739708121e-4,6,Bcl2a1b
3.165848476152404e-6,0.3416664736186421,0.894,0.839,0.001519607268553154,6,C1qb
4.887866921211694e-6,0.22358396309472628,0.979,0.976,0.002346176122181613,6,Prdx1
7.161310661195385e-6,0.3166483480810852,0.402,0.296,0.003437429117373785,6,Flt1
1.1246180644435981e-5,0.3120610721910988,0.889,0.848,0.005398166709329271,6,Acta2
1.2568335361336322e-5,0.4344723907302025,0.492,0.386,0.006032800973441435,6,Acadl
1.656845242343809e-5,0.9231001269844795,0.219,0.146,0.007952857163250284,6,Nfkbia
1.9863233572624813e-5,0.45907925910184344,0.41,0.312,0.009534352114859911,6,C1galt1c1
2.911075517368221e-5,0.3141864254456954,0.858,0.812,0.013973162483367461,6,Lpcat2
3.370046467846909e-5,0.835484092234945,0.25,0.175,0.016176223045665163,6,Tgfbi
5.0905577565079857e-5,1.1107320030302827,0.067,0.031,0.024434677231238332,6,Ifitm1
5.228959718621908e-5,0.21978366528077142,0.979,0.932,0.02509900664938516,6,Gfap
6.457488316309785e-5,0.3536564809176541,0.688,0.615,0.03099594391828697,6,Aqp4
7.575691425959378e-5,0.17958061929007663,1,1,0.036363318844605017,6,Tmsb4x
7.60596956266319e-5,0.12212255080966639,0.804,0.667,0.03650865390078331,6,Cst7
7.852511097077795e-5,0.36819735496839273,0.464,0.361,0.03769205326597341,6,Mapkapk2
8.434484120708767e-5,0.1510286987251983,0.562,0.467,0.04048552377940209,6,Serpina3n
9.263368373019256e-5,0.42492152521059756,0.696,0.642,0.044464168190492426,6,Selplg
1.0696381446046017e-4,0.4955874384069645,0.276,0.198,0.051342630941020886,6,Fxyd5
1.2316632493469175e-4,0.27397757597948935,0.881,0.851,0.05911983596865204,6,Gusb
1.2416443621410296e-4,0.382120733894171,0.647,0.582,0.05959892938276942,6,Abcg1
1.9781629951863493e-4,0.35250544358591374,0.448,0.361,0.09495182376894476,6,Hsd17b12
2.118605508823847e-4,1.9205611228765074,0.023,0.007,0.10169306442354466,6,Cd3d
3.1815815970495534e-4,0.503320327925783,0.34,0.259,0.15271591665837855,6,Bcl2
4.0154297784384817e-4,0.8706730727830068,0.124,0.076,0.19274062936504713,6,Serping1
4.5043003043812715e-4,0.21176568537390938,0.657,0.564,0.21620641461030105,6,Lpl
7.001751965987076e-4,0.3939228110951265,0.503,0.432,0.3360840943673797,6,Odc1
8.067927619848859e-4,1.5326814398072406,0.026,0.009,0.3872605257527452,6,Ly6g
0.0010736561987344604,1.4901455954204348,0.052,0.025,0.515354975392541,6,Mrc1
0.0012607161010899446,1.784198958059303,0.026,0.01,0.6051437285231734,6,Itk
0.0015674427894185829,0.27637754605221854,0.495,0.411,0.7523725389209198,6,B4galt1
0.0016175017804235263,0.3300885056538161,0.737,0.695,0.7764008546032927,6,Ddost
0.0019950004119492115,0.1279271219199578,0.948,0.951,0.95760019773562155,6,Tgfbr1
0.0032566462575934685,0.3252147590659509,0.356,0.29,1,6,Impdh2
0.003274517120932929,0.10994745149470475,0.992,0.996,1,6,C1qc
0.003491365207114585,0.19242103010828515,0.631,0.551,1,6,Taldo1
0.0035059115616289235,0.18524919933671313,0.912,0.886,1,6,Ldha
0.004173244449396212,0.1933149185471078,0.214,0.16,1,6,rs429358-WT-228
0.005952891833238646,0.3177329456047783,0.335,0.272,1,6,Plin2
0.006303042327315104,0.32614048729025924,0.312,0.252,1,6,Chsy1
0.007019898801417415,0.30920954968450687,0.848,0.794,1,6,Mt2
0.007195000774232283,0.10389712754029928,0.472,0.392,1,6,Aldh1l1
0.00816327208346259,1.4165709666593145,0.021,0.008,1,6,Plin5
0.008850919694981658,0.1916222629472084,0.626,0.574,1,6,Vegfa
